Year,Country,City,Wednesday,Thursday,Friday,Saturday,Sunday,Monday,Tuesday,Weekday mean,Weekend mean,Daily mean
2014,BE,Antwerp Deurne,270.21,270.26,411.34,346.66,418.02,564.83,265.06,268.51,435.21,363.77
2014,BE,Antwerp Zuid,439.3,565.73,551.01,674.66,718.12,859.27,620.77,541.93,700.76,632.69
2014,BE,Geraardsbergen,51.64,59.98,88.82,77.09,92.09,55.82,38.41,50.01,64.5,66.26
2014,BE,Ninove,88.14,111.14,135.71,136.21,152.43,99.92,75.66,91.65,106.09,114.17
2014,CH,Basel,406.34,404.31,435.72,463.67,609.73,445.31,409.23,406.63,488.61,453.47
2014,CH,Berne,336.91,384.9,386.1,374.46,393.3,335.5,344.4,355.4,372.34,365.08
2014,CH,Geneva,355.07,439.72,490.81,613.07,498.59,357.39,378.78,391.19,489.96,447.63
2014,CH,Lausanne,242.43,250.33,346.93,460.52,354.19,258.84,270.03,254.26,355.12,311.89
2014,CH,Lugano,234.1,238.64,244.44,299.11,211.7,185.86,270.35,247.7,235.28,240.6
2014,CH,Zurich,445.62,446.59,548.52,834.48,821.68,586.02,505,465.74,697.68,598.27
2014,DE,Berlin (4),128.02,162.48,167.59,225.79,270.67,187.82,199.32,163.27,212.97,191.67
2014,DE,Dortmund,259.07,272.48,246.27,310.79,192.99,150.62,270.58,267.38,225.17,243.26
2014,DE,Dresden,7.81,6.79,7.33,9.41,9.58,9.98,7.8,7.47,09.08,8.39
2014,DE,Dülmen,12.02,19.33,19.51,42.51,60.92,39.98,28.65,16.95,43.02,31.85
2014,DE,Munich G,80.77,74.15,64.73,75.85,130.12,125.25,5.33,73.22,84.14,79.46
2014,DK,Copenhagen,275.25,304.94,334.38,451.76,495.45,258.65,272.17,284.12,385.06,341.8
2014,ES,Barcelona,402.79,426.96,509.22,541.81,497.84,440.09,408.99,412.91,497.24,461.1
2014,ES,Castellon,57.84,124.36,163.29,430.13,253.92,131.04,283.38,155.19,244.59,206.28
2014,ES,Santiago,150.4,153.81,171.48,216.84,163.22,144.39,156.07,153.43,173.98,165.17
2014,ES,Valencia (3),179.5,643.1,283.71,385.29,448.62,418.76,288.16,370.25,384.1,378.16
2014,FI,Espoo,4.39,4.8,6.46,7.37,7.26,7.52,5.79,4.99,7.15,6.23
2014,FI,Helsinki,6.85,7.13,9.22,11.41,14.63,9.49,07.04,07.01,11.19,9.4
2014,FI,Joensuu,0.82,0.13,0.13,0.65,0.13,0.13,0.44,1.31,0.94,0.35
2014,FI,Jyväskylä,0.34,0.31,0.33,0.34,0.14,0.14,0.15,0.27,0.24,0.25
2014,FI,Kotka,2.8,1.64,02.03,3.26,8.71,6.95,4.35,2.93,5.24,4.25
2014,FI,Kuopio,6.32,6.39,4.39,3.94,3.42,02.08,3.53,5.41,3.46,4.3
2014,FI,Lahti,7.34,10.16,10.38,12.34,13.89,13.58,9.51,9,12.55,11.03
2014,FI,Lappeenranta,3.29,0.79,0.37,1.48,3.38,1.59,1.27,1.78,1.7,1.74
2014,FI,Oulu,0.25,0.26,0.12,0.35,0.3,0.41,0.3,0.27,0.3,0.28
2014,FI,Rovaniemi,0.38,0.35,0.16,0.14,0.28,0.81,0.64,0.46,0.35,0.39
2014,FI,Savonlinna,0.7,0.49,0.46,0.34,0.62,0.33,0.9,0.7,0.44,0.55
2014,FI,Tampere,0.72,0.86,1.86,1.25,0.85,0.72,0.74,0.77,1.17,1
2014,FI,Turku,1.43,1.31,1.61,1.63,1.87,1.19,1.38,1.37,1.57,1.49
2014,FI,Vaasa,0.44,0.58,1.27,1.13,0.98,0.41,1.15,0.72,0.95,0.85
2014,FR,Paris Seine Centre,194.71,212.28,232.91,314.97,318.7,192.24,171.92,192.97,264.7,233.96
2014,GB,Bristol,190.39,203.45,223.49,369.63,343.67,223.67,183.79,192.54,290.11,248.3
2014,GB,London,726,729.18,827.17,852.05,696.61,660.29,670.01,708.4,759.03,737.33
2014,GR,Athens,74.47,64.59,66.76,99.04,113.85,78.48,63.24,67.43,89.53,80.06
2014,HR,Zagreb,63.88,60.57,77.83,101.61,106.05,59.26,72.81,65.75,86.19,77.43
2014,IT,Milan,200.79,199.12,214.27,224.73,219.69,201.06,196.68,198.86,214.94,208.05
2014,NL,Amsterdam,634.31,694.61,652,761.88,830.81,814.33,626.72,651.88,764.75,716.38
2014,NL,Eindhoven,,302.91,302.05,449.24,503.15,370.46,357.17,330.04,406.23,380.83
2014,NL,Utrecht,248.16,214.86,184.65,236.38,206.79,192.57,258.01,240.35,205.1,220.2
2014,PT,Almada,53.65,38.91,68.26,71.23,55.03,51.25,43.1,45.22,61.44,54.49
2015,AT,Klosterneuburg,78.99,66.72,122.87,99.68,76.73,85.37,53.34,66.35,96.16,83.39
2015,BE,Antwerp Deurne,473.4,438.05,431.83,534.02,532.4,450.17,402.85,438.1,487.11,466.1
2015,BE,Antwerp Zuid,567.92,576.23,617.49,525.29,744.64,623.65,692.63,612.26,627.77,621.12
2015,BE,Brussels,395.18,405.3,463.7,600.91,609.57,477.93,353.93,384.8,538.03,472.36
2015,BE,Geraardsbergen,42.1,52.5,59.2,59.42,77.4,52.11,46.1,46.9,62.03,55.55
2015,BE,Koksijde,58.45,37.59,35.79,61.58,82.03,45.86,40,45.35,56.32,51.62
2015,BE,Ninove,68.73,76.2,94.25,138.09,120.41,117.07,74.93,73.29,117.45,98.52
2015,BE,Oostende,68.34,63.75,71.08,81.43,115.12,92.67,72.59,68.23,90.08,80.71
2015,CH,Basel,36.02,39.49,38.77,53.47,49.65,39.49,40.66,38.72,45.34,42.51
2015,CH,Berne,217.1,189.01,203.27,323.61,220.2,233.57,215.78,207.3,245.16,228.93
2015,CH,Geneva,412.01,391.03,478.46,589.24,520.95,327.76,379.35,394.13,479.1,442.68
2015,CH,Lausanne,237.43,269.23,341.73,418.02,422.81,254.45,253.79,253.48,359.25,313.92
2015,CH,Lugano,229.84,209.92,240.2,238.9,218.82,226.04,235.7,225.15,230.99,228.49
2015,CH,Zurich,469.99,455.91,518.89,631.57,840.03,410.99,377.86,434.59,600.37,529.32
2015,CY,Limassol,87.64,101.22,100.6,62.55,70.45,63.21,66.92,85.26,74.2,78.94
2015,CZ,České Budějovice,4.81,4.37,4.47,09.08,5.63,6.79,03.02,04.07,6.49,5.45
2015,DE,Berlin (4),153.47,146.28,121.89,137.76,224.5,217.94,182.53,160.76,175.52,169.2
2015,DE,Dortmund,267.12,255.26,270.79,330.18,346.82,230.55,227.53,249.97,294.59,275.46
2015,DE,Dresden,06.01,6.23,6.88,8.87,12.62,07.01,7.28,6.51,8.84,7.84
2015,DE,Dülmen,12.65,17.63,22.62,41.91,45.88,23.83,,15.14,33.56,27.42
2015,DE,Munich G,21.63,,15.95,19.37,,25.97,51.11,36.37,20.43,26.8
2015,DK,Copenhagen,338.62,243.32,150.22,243.31,382.82,515.62,486.17,244.05,406.98,337.15
2015,ES,Barcelona,399.72,519.31,450.81,520.32,504.99,410.45,299.31,406.12,471.64,443.56
2015,ES,Castellon,55.6,117.54,303.96,124.64,122.84,81.29,80.64,84.59,158.18,126.64
2015,ES,Molina de Segura,220.46,235.35,173.62,188.84,311.77,276.39,223.03,226.28,237.66,232.78
2015,ES,Santiago,62.32,90.1,121.86,147.08,179.95,201.38,143.01,98.48,162.57,135.1
2015,ES,Valencia (3),255.57,243.95,279.94,469.77,380.28,355.82,371.3,290.27,371.45,336.66
2015,FI,Espoo,4.73,5.3,04.04,9.38,15.17,8.13,8.12,06.05,9.18,7.84
2015,FI,Helsinki,4.34,5.6,7.76,16.39,18.5,10.98,6.2,5.38,13.41,9.97
2015,FI,Tampere,5.49,4.21,4.87,5.9,5.63,5.79,3.53,4.41,5.55,05.06
2015,FI,Turku,0.65,0.95,1.17,0.75,0.74,0.94,0.73,0.78,0.9,0.85
2015,FR,Paris Seine Centre,126.95,146.26,186.04,239.9,192.55,139.87,99.36,124.19,189.59,161.56
2015,GB,Bristol,240.78,247.42,226.93,309.49,500.45,368.89,249.8,238.38,357.16,306.25
2015,GB,London,746.73,777.57,852.38,1238.8,1259.02,824.75,666.79,730.36,1043.74,909.43
2015,GR,Athens,48.43,57.24,68.29,89.56,76.25,48.63,52.8,52.82,70.68,63.03
2015,GR,Mytilene,0.26,0.91,0.19,1.11,9.28,4.3,2.52,1.23,3.72,2.65
2015,GR,Thessaloniki,5.79,7.98,7.57,7.87,9.21,11.83,17.42,10.4,9.12,9.67
2015,HR,Zagreb,92.69,90.69,94.53,102.09,145.14,96.9,81.27,88.22,109.66,100.47
2015,IS,Reykjavik Klettagarðar,51.6,62.01,69.81,50.53,60.45,53.67,56.83,56.81,58.62,57.84
2015,IT,Milan,191.62,171.84,187.85,199.91,217.25,289.45,184.9,183.77,222.88,206.12
2015,MT,Malta,25.67,87.55,68.29,92.09,67.62,66.62,71.27,61.5,73.66,68.45
2015,NL,Amsterdam,251.67,671.98,703.91,990.27,967.26,229.28,677.7,533.78,722.68,641.72
2015,NL,Eindhoven,251.36,89.58,333.75,479.61,569.77,427.87,109.35,150.1,452.75,323.04
2015,NL,Utrecht,184.51,108.95,192.23,255.14,87.07,57.66,151.16,148.21,148.03,148.1
2015,PT,Almada,58.59,57.42,48.48,64.18,73.88,87.09,55.49,54.83,70.16,63.59
2015,PT,Lisbon,231.34,257.38,278.23,308.16,299.3,250.53,225.36,238.03,284.06,264.33
2015,PT,Porto,111.2,83.99,103.26,80.21,56.87,124.67,86.76,93.98,91.25,92.42
2015,SK,Piestany,04.03,3.78,3.92,8.53,11.02,08.01,3.79,3.87,7.87,6.15
2016,AT,Innsbruck,140.33,131.03,177.57,236.55,205.33,131.01,111.9,127.75,187.62,161.96
2016,BE,Antwerp Deurne,406.43,344.42,394.53,448.28,490.93,410.25,372.49,374.45,436,409.62
2016,BE,Antwerp Zuid,776.91,670.11,808.53,1040.18,1406.51,912.82,788.49,745.17,1042.01,914.79
2016,BE,Brussels,319.82,376.04,392.35,491.75,516.18,453.48,368.19,354.68,463.44,416.83
2016,BE,Koksijde,55.38,34.11,61.97,71.18,195.11,66.64,55.22,48.23,98.73,77.09
2016,BE,Oostende,74.7,72.53,83.02,114.53,171.48,93.49,76.26,74.5,115.63,98
2016,CH,Basel,366.85,404.11,425.36,557.91,520.9,399,372.08,381.01,475.79,435.17
2016,CH,Berne,286.07,284.61,305.19,401.14,357.78,317.61,327.55,299.41,345.43,325.71
2016,CH,Geneva,407.72,424.78,515.08,591.17,551.07,,418.4,416.97,552.44,484.7
2016,CH,Lugano,346.73,392.78,363.3,496.21,421.19,316.96,330.41,356.64,399.41,381.08
2016,CH,Zurich,597.97,651.59,707.83,904.13,953.55,661.75,580.89,610.15,806.81,722.53
2016,CY,Limassol,113.11,118.4,172.99,147.89,166.13,175.15,180.56,137.36,165.54,153.46
2016,CZ,České Budějovice,4.73,2.4,03.08,5.58,9.93,10.36,11.76,6.3,7.24,6.83
2016,DE,Dortmund,487.4,538.96,465.1,504.23,450.16,227.3,272.01,432.79,411.7,420.74
2016,DE,Dresden,14.26,14.57,17.08,23.95,21.44,15.91,16.68,15.17,19.6,17.7
2016,DE,Dülmen,47.47,82.31,92.06,113.78,109,85.01,58.81,62.87,99.96,84.07
2016,DE,Munich G,94.37,103.65,161.12,137.1,107.43,106.79,86.07,94.7,128.11,113.79
2016,ES,Barcelona,604.16,588.15,666.25,930.6,926.77,642.26,535.54,575.95,791.47,699.1
2016,ES,Castellon,287.58,325.69,477.35,479.04,422.04,241.79,319.24,310.83,405.05,364.67
2016,ES,Molina de Segura,320.96,402.52,426.09,658.1,654.13,510.41,597.37,440.28,562.18,509.94
2016,ES,Santiago,105.78,147.47,144.28,179.5,184.87,154.49,82.35,111.86,165.78,142.68
2016,ES,Valencia (3),201.35,203.83,274.95,419.1,431.28,209.94,90.94,165.37,333.82,261.63
2016,FI,Espoo,5.49,6.35,6.76,15,21.41,11.05,7.41,6.42,13.56,10.5
2016,FI,Helsinki,12.64,13.15,14.81,24.72,25.63,16.27,10,11.93,20.36,16.75
2016,FI,Joensuu,1.76,0.59,0.56,1.27,01.04,0.56,0.49,0.95,0.86,0.9
2016,FI,Jyväskylä,0,0,0,0,0,0,0,0,0,0
2016,FI,Kotka,1.32,1.6,1.65,3.98,5.77,05.03,2.98,1.97,4.11,3.19
2016,FI,Kuopio,1.53,0.53,0.51,01.09,2.44,1.36,0.51,0.86,1.35,1.14
2016,FI,Lahti,12.9,29.27,10.06,4.15,6.44,3.98,2.7,14.95,6.16,9.93
2016,FI,Lappeenranta,0,0,0,0,0,0,0,0,0,0
2016,FI,Oulu,0,0,0,0,0,0,0,0,0,0
2016,FI,Rovaniemi,0.97,0.94,0.94,0.93,0.91,0.93,5.11,2.34,0.93,1.53
2016,FI,Savonlinna,0,0,0,0,0,0,0,0,0,0
2016,FI,Tampere,3.29,6.4,7.83,8.64,8.33,6.65,3.94,4.54,7.86,6.44
2016,FI,Turku,01.04,01.08,01.04,2.91,4,1.81,0.75,0.96,2.44,1.8
2016,FI,Vaasa,0,0,0,0,0,0,0,0,0,0
2016,FR,Bordeaux I,274.4,216.39,303.18,197.04,399.14,180.61,151.44,214.08,269.99,246.03
2016,FR,Paris Seine Centre,139.55,124.06,85.72,188.1,248.87,252.9,147.98,137.19,193.9,169.6
2016,GB,Bristol,117.02,288.9,349.52,565.38,713.82,367.2,331.05,245.65,498.98,390.41
2016,GB,London,637.52,644.05,732.16,1145.32,,1120.44,1090.04,790.53,999.31,894.92
2016,GR,Athens,21.49,25.47,24.61,36.15,45.65,30.71,28.81,25.25,34.28,30.41
2016,HR,Zagreb,121.97,112.53,162.32,262.28,187.81,149,140.3,124.93,190.35,162.32
2016,IS,Reykjavik Klettagarðar,87.43,91.29,142.52,120.73,138.06,76.17,48.06,75.6,119.37,100.61
2016,IT,Milan,314.74,312.99,263.86,344.35,337.27,308.62,264.3,297.34,313.53,306.59
2016,NL,Eindhoven,347.49,401.78,426.65,606.2,695.48,534.84,472.66,407.31,565.79,497.87
2016,NL,Utrecht,305.72,273.91,281.14,412.44,363.31,296.82,239.19,272.94,338.43,310.36
2016,PT,Almada,69.75,76.18,57.91,85.3,67.9,94.29,25.44,57.12,76.35,68.11
2016,PT,Lisbon,218.05,264.75,241.17,306.44,282.32,268.19,224.78,235.86,274.53,257.96
2016,PT,Porto,60.59,78.47,90.95,114.94,113.6,89.32,87.39,75.48,102.2,90.75
2016,SE,Stockholm (2),101.39,113.22,113.9,202.39,236.89,136.24,104.99,106.53,172.35,144.14
2016,SK,Piestany,14.41,12.71,11.8,35.02,31.08,11.2,24,17.04,22.28,20.03
2017,AT,Innsbruck,203.04,191.67,222.07,282.03,278.42,217.47,164.75,186.49,250,222.78
2017,BE,Antwerp Zuid,708.02,666.11,873.98,936.86,872.59,854.6,848.33,740.82,884.51,822.93
2017,BE,Boom,321.86,419.76,574.03,477.69,470.24,,405.76,382.46,507.32,426.8
2017,BE,Brussels,322.25,310.53,318.92,359.61,439.06,488.64,377.63,336.8,401.56,373.81
2017,BE,Koksijde,51.09,42.59,59.99,98.83,110.55,90.16,77.98,57.22,89.88,75.89
2017,BE,Merchtem,199.19,276.24,253.37,257.75,222.68,229.56,204.65,226.69,240.84,234.78
2017,BE,Oostende,120.09,116.1,133.8,151.85,180.08,173.31,140.74,125.64,159.76,145.14
2017,BE,Ruisbroek (Puurs),178.65,272.27,298.06,247.73,260.68,234.42,226.96,225.96,260.22,245.54
2017,CH,Basel,364.94,443.37,,637.56,968.49,490.46,472.36,426.89,698.84,562.86
2017,CH,Berne,417.94,324.55,556.96,713.02,696.79,490.73,494.93,412.47,614.37,527.84
2017,CH,Geneva,566.85,686.84,834.05,1171.17,989.52,670.07,645.37,633.02,916.2,794.84
2017,CH,St. Gallen Hofen,575.17,703.72,866.97,1180.98,935.47,784.03,705.52,661.47,941.86,821.69
2017,CH,Zurich,640.01,720.91,837.67,1318.64,1388.86,888.99,745.85,702.26,1108.54,934.42
2017,CZ,Brno,13.34,18.39,21.77,55.86,33.06,14.08,12.96,14.9,31.19,24.21
2017,CZ,České Budějovice,9.85,08.04,8.83,10.04,19.1,18.38,13.27,10.39,14.09,12.5
2017,DE,Berlin (4),258.41,268.1,249.69,246.47,389.14,301.84,320.58,282.36,296.78,290.6
2017,DE,Chemnitz,18.05,26.63,17.47,26.16,22.76,14.85,16.09,20.26,20.31,20.29
2017,DE,Dortmund,354.22,402.17,447.1,520.19,496.91,404.5,375.59,377.33,467.18,428.67
2017,DE,Dresden,16.94,16.82,19.61,23.21,32.07,19.98,17.41,17.05,23.72,20.86
2017,DE,Dülmen,39.35,84.25,180.71,201.3,71.52,73.79,128.97,84.19,131.83,111.41
2017,DE,Erfurt,35.38,37.81,50.65,78.38,56.58,39.3,41.81,38.33,56.23,48.56
2017,DE,Frankfurt (3),391.25,387.52,417.96,578.86,518.5,340.84,360.59,379.79,464.04,427.93
2017,DE,Hamburg N,215.17,246.56,256.9,349.49,321.75,259.05,255.52,239.08,296.8,272.06
2017,DE,Hannover (2),293.55,232.08,362.28,325.18,428.89,257.94,220.45,248.69,343.57,302.91
2017,DE,Magdeburg,109.78,107.34,125.95,164.76,185.56,136.38,123.85,113.66,153.16,136.23
2017,DE,Mainz,111.34,152.77,135.43,153.13,122.89,137.2,86.47,116.86,137.16,128.46
2017,DE,Munich G,108.77,103.93,131.92,180.36,211.3,129.87,114.98,109.23,163.36,140.16
2017,DE,Nuremberg,10.42,7.88,23.52,25.6,29.86,19.97,9.54,9.28,24.73,18.11
2017,DE,Rostock,100.57,160.1,139.99,164.86,156.8,137.49,93.11,117.93,149.79,136.13
2017,DE,Saarbrücken (2),155.94,242.79,198.33,211.24,211.24,170.94,163.43,187.39,197.94,193.42
2017,DE,Stuttgart,182.48,190.59,310.23,247.84,,202.01,167.74,180.27,253.36,216.82
2017,ES,Barcelona,709.93,928.31,980.81,1244.07,1201.61,978.2,713.39,783.88,1101.17,965.19
2017,ES,Castellon,268.89,252.54,178.34,436.94,405.14,358.29,336.34,285.92,344.68,319.5
2017,ES,Madrid VdlV,378.89,344.73,376.79,581.84,492.41,560.14,476.74,400.12,502.79,458.79
2017,ES,Santiago,240.65,277.97,304.47,517.31,523.97,292.95,241.43,253.35,409.68,342.68
2017,ES,Valencia (3),349.45,368.32,394.79,527.03,629.57,344.94,366.44,361.41,474.08,425.79
2017,FI,Espoo,13.38,13.45,14.88,23.7,27.88,16.75,9.46,12.1,20.8,17.07
2017,FI,Helsinki,20.12,18.73,24.83,42,50.48,32.61,20.74,19.86,37.48,29.93
2017,FI,Tampere,11.92,14.5,14.37,23.05,23.57,14.87,11.73,12.72,18.96,16.29
2017,FI,Turku,3.41,3.31,4.32,04.01,6.63,8.39,3.11,3.28,5.84,4.74
2017,FR,Bordeaux I,264.43,153.25,186.4,104.01,479.03,495.49,160.44,192.71,316.23,263.29
2017,FR,Fort-de-France P,401.37,,344.16,471.89,296.77,475.66,404.12,402.74,397.12,398.99
2017,FR,Paris Seine Centre,209.54,239.56,345.48,620.5,359.43,277.84,217.31,222.14,400.81,324.24
2017,FR,Paris South Suburbs,71.36,41.59,158.89,137.81,139.43,139.06,42.06,51.67,143.8,104.31
2017,GB,Bristol,415.86,677.64,771.99,1161.31,1011.22,689.1,556.06,549.85,908.4,754.74
2017,GR,Athens,,41.29,36.61,,52.4,38.12,33.01,37.15,42.38,38.28
2017,HR,Zagreb,175.5,205.44,218.3,301.23,281.67,171.3,160.44,180.46,243.13,216.27
2017,IS,Reykjavik Klettagarðar,304.44,447.13,499.93,485.86,587.91,444.56,291.44,347.67,504.56,437.32
2017,IT,Milan,316.45,298.14,330.22,416.65,402.25,333.59,292.72,302.44,370.67,341.43
2017,LT,Vilnius,23.86,21.79,62.41,22.31,62.77,27.77,21.99,22.55,43.82,34.7
2017,NL,Amsterdam,627.82,612.76,606.09,913.45,752.91,937.53,687.75,642.78,802.49,734.04
2017,NL,Eindhoven,365.15,347.45,348.1,435.74,586.7,506.27,405.04,372.55,469.2,427.78
2017,NL,Nieuwegein Ijssel.,253.88,251.34,305.67,377.56,428.71,353.45,252.94,252.72,366.35,317.65
2017,NL,Oudewater,158.29,161.67,194.66,298.93,478.19,318.33,150.93,156.96,322.53,251.57
2017,NL,Utrecht,225.37,234.83,252.46,316.42,331.32,306.35,354.42,271.54,301.64,288.74
2017,PT,Almada,90.06,108.68,76.62,86.24,15.08,101.96,98.08,98.94,69.97,82.39
2017,PT,Lisbon,274.36,266.78,286.82,282.26,291.67,227.69,,270.57,272.11,271.6
2017,PT,Porto,137.86,146.48,181.4,187.41,176.95,166.93,124.49,136.28,178.17,160.22
2017,SI,Ljubljana,449.1,459.86,393.18,597.42,468.39,343.22,437.11,448.69,450.55,449.76
2017,SK,Bratislava C,75.89,86.58,105.73,97.52,112.26,83.45,63.13,75.2,99.74,89.22
2017,SK,Piestany,3.86,3.69,6,7.9,9.61,7.9,5.52,4.36,7.85,6.35
2018,AT,Hall-Wattens,180.88,177.42,193.59,250.09,232.49,176.75,138.48,165.59,213.23,192.81
2018,AT,Innsbruck,277.43,309.18,366.45,421.89,429.46,273.04,271.11,285.91,372.71,335.51
2018,AT,Region Millstättersee,50.09,68.75,84.23,91.59,107.63,51.89,50.52,56.45,83.83,72.1
2018,AT,Wasserverband Hofsteig,134.63,139.53,162.76,276.42,279.05,154.05,126.7,133.62,218.07,181.88
2018,BE,Antwerp Zuid,669.67,750.51,805.87,945.86,792.43,800.29,637.89,686.02,836.11,771.79
2018,BE,Brugge,65.76,74.06,53.58,49.06,90.04,38.62,79.48,73.1,57.83,64.37
2018,BE,Brussels,345.77,391.83,455.31,562.4,585.36,353.05,334.01,357.2,489.03,432.53
2018,BE,Koksijde,54.56,83.29,91.26,109.59,102.49,86.57,81.59,73.15,97.48,87.05
2018,BE,Oostende,69.18,157.44,178.82,219.35,180.08,89.42,79.93,102.19,166.92,139.17
2018,CH,Basel,535.57,553.72,627.97,621.23,719.54,537.56,501.84,530.38,626.57,585.35
2018,CH,Berne,421.95,426.5,506.51,610.15,568.11,418.2,548,465.48,525.74,499.92
2018,CH,Geneva,509.39,493.4,673.24,836.39,733.42,488.77,468.43,490.41,682.96,600.44
2018,CH,St. Gallen Hofen,564.64,648.84,834.09,990.92,946.86,490.6,482.43,565.3,815.62,708.34
2018,CH,Zurich,709.06,764.95,773.04,1199.89,1125.49,783.85,635.45,703.15,970.57,855.96
2018,CZ,Brno,18.87,21.91,33.63,31.36,46.46,42.01,28.23,23,38.36,31.78
2018,CZ,České Budějovice,15.86,20.02,26.81,19.42,46.23,43.83,15.4,17.09,34.07,26.8
2018,DE,Berlin (4),308.93,312.14,299.54,392.23,417.43,374.19,297.08,306.05,370.85,343.08
2018,DE,Chemnitz,10.52,11.39,19.4,13.23,15.53,7.9,6.45,9.45,14.02,12.06
2018,DE,Dortmund,327.41,351.55,391.98,435.67,488.33,350.5,308.15,329.04,416.62,379.08
2018,DE,Dresden,26.2,26.78,29.38,58.06,48.74,19.59,24.29,25.76,38.94,33.29
2018,DE,Dülmen,46.99,58.36,87.96,157.86,254.46,113.98,98.67,68.01,153.57,116.9
2018,DE,Erfurt,42.92,40.39,46.67,61.61,59.08,43.48,28.18,37.16,52.71,46.05
2018,DE,Munich G,163.36,158.87,183.11,264.2,248.44,155.03,136.42,152.88,212.7,187.06
2018,DE,Saarbrücken (2),165.12,170.09,196.59,215.15,231.15,177.18,133.17,156.12,205.02,184.06
2018,DK,Copenhagen,361.86,336.52,446.2,649.9,582.35,369.45,513.74,404.04,511.98,465.72
2018,ES,Barcelona,703.9,793.61,822.13,988.29,880.39,538.16,405.83,634.45,807.24,733.19
2018,ES,Castellon,627.56,322.18,147.78,263.55,391.61,183.1,139.54,363.1,246.51,296.47
2018,ES,Madrid VdlV,239.1,275.93,298.99,312.54,325.13,452.97,310.66,275.23,347.41,316.47
2018,ES,Santiago,200.53,263.44,356.53,441.56,500.77,399.96,302.22,255.4,424.7,352.14
2018,ES,Valencia (3),363.48,231.79,530.62,740.98,762.33,743.42,739.24,444.83,694.34,587.41
2018,FI,Espoo,23.05,21.4,23.91,38.7,46.41,28.05,25.32,23.26,34.27,29.55
2018,FI,Helsinki,39.48,44.46,49.59,89.77,100.17,68.78,47.93,43.96,77.08,62.88
2018,FI,Hämeenlinna,6.8,13.78,8.18,7.87,6.28,4.14,3.48,08.02,6.62,7.22
2018,FI,Joensuu,4.76,2.54,1.28,1.74,1.88,1.15,01.06,2.79,1.51,02.06
2018,FI,Jyväskylä,3.75,3.17,02.03,3.99,2.94,3.13,3.16,3.36,03.02,3.17
2018,FI,Kajaani,0.53,0.12,0.25,0.38,0.11,0.47,0.69,0.45,0.3,0.36
2018,FI,Kemi,0.92,1.71,1.47,0.38,0.25,3.98,5.14,2.59,1.52,1.98
2018,FI,Kokkola,0.3,0.25,0.28,0.78,1.46,1.37,1.38,0.64,0.97,0.83
2018,FI,Kotka,13.26,12.12,15.76,16.89,20.7,23.52,16.53,13.97,19.22,16.97
2018,FI,Kouvola,8.26,5.78,13.05,10.96,8.8,4.99,5.82,6.62,9.45,8.24
2018,FI,Kuopio,1.62,1.37,3.42,2.72,2.57,01.05,0.35,1.11,2.44,1.87
2018,FI,Lahti,26.49,43.79,31.24,63.14,64.95,50.51,29.45,33.24,52.46,44.22
2018,FI,Lappeenranta,2.83,3.51,1.73,1.86,2.9,1.99,3.14,3.16,2.12,2.57
2018,FI,Mariehamn,35.06,29.67,16.58,22.05,43.12,,15.89,26.87,27.25,23.98
2018,FI,Mikkeli,2.79,3.2,2.87,2.45,02.06,02.07,1.82,2.6,2.36,2.47
2018,FI,Oulu,0.95,0.89,0.78,2.61,6.29,04.05,3.69,1.84,3.43,2.75
2018,FI,Pori,1.91,2.59,4.62,6.12,6.82,3.98,4.18,2.89,5.39,4.32
2018,FI,Rovaniemi,1.79,1.77,2.72,3.5,4.34,5.16,5.82,3.13,3.93,3.59
2018,FI,Savonlinna,0.98,0.82,0.54,0.73,3.1,3.46,3.56,1.79,1.96,1.89
2018,FI,Seinäjoki,1.52,0.84,0.93,0.51,0.65,1.21,0.65,1,0.83,0.9
2018,FI,Tampere,19.06,16.58,24.56,39.54,43.06,25.27,21.59,19.08,33.11,27.1
2018,FI,Turku,5.12,06.01,6.56,10.15,9.94,6.29,4.53,5.22,8.24,6.94
2018,FI,Vaasa,1.51,1.55,01.05,1.16,1.87,1.11,0.67,1.24,1.3,1.27
2018,FR,Bordeaux I,84.45,64.9,95.52,311.73,338.63,342.31,173.74,107.7,272.05,201.61
2018,FR,Paris Seine Centre,432.32,669.1,495.23,610,628.3,288.79,551.12,550.85,505.58,524.98
2018,FR,Paris South Suburbs,49.99,41.83,49.25,74.46,94.32,36.2,51.35,47.72,63.56,56.77
2018,GB,Bristol,607.03,740.41,887.35,991.02,1331.48,1345.17,882.15,743.2,1138.76,969.23
2018,HR,Zagreb,216.96,224.54,284.82,178.51,305.29,247.5,184.14,208.55,254.03,234.54
2018,IS,Reykjavik Klettagarðar,486.34,374.88,439.54,614.47,632.97,436.09,365.21,408.81,530.77,478.5
2018,IT,Bozen,324.9,333.04,358.08,477.67,458.85,443.9,355.64,337.86,434.63,393.16
2018,IT,Milan,336.67,315.21,302.94,349.53,523.16,303.73,404.12,352,369.84,362.19
2018,LT,Kaunas,42.73,41.66,47.23,73.9,89.67,65.56,42.35,42.25,69.09,57.59
2018,LT,Klaipeda,33.64,40.68,44.72,91.79,121.99,59.89,45.95,40.09,79.6,62.67
2018,LT,Vilnius,28.95,33.62,52.29,74.9,79.23,41.9,37.68,33.42,62.08,49.8
2018,NL,Amsterdam,720.65,754.53,711.9,788.19,1121.25,1540.14,889.84,788.34,1040.37,932.36
2018,NL,Eindhoven,357.02,247.81,410,428.78,513.75,582.24,448.9,351.24,483.69,426.93
2018,NL,Utrecht,400.51,437.84,360.81,357.79,479.01,523.1,343.16,393.84,430.18,414.6
2018,PT,Almada,28.65,87.44,207.75,148.11,247.54,145.53,92.55,69.55,187.23,136.79
2018,PT,Lisbon,535.52,273.02,429.83,509.69,567.74,489.26,376.65,395.06,499.13,454.53
2018,PT,Porto,159.82,171.61,229.14,155.19,287.74,272.98,259.93,197.12,236.26,219.48
2018,SI,Domžale-Kamnik,122.48,78.22,165.78,293.17,282.56,148.61,132.52,111.07,222.53,174.76
2018,SI,Ljubljana,264.29,280.25,,382.24,369.84,205.84,233.8,259.45,319.31,289.38
2018,SI,Maribor,58.9,99.73,52.73,134.81,153.26,85.23,63.29,73.97,106.51,92.56
2018,SK,Bratislava C,98.24,56.8,182.51,96.8,116.25,104.13,94.84,83.29,124.92,107.08
2018,SK,Piestany,11.38,10.14,8.75,64.17,45.58,10.38,3.66,8.39,32.22,22.01
2019,AT,Graz,124.76,117.22,88.68,334.45,174.45,108.25,131.53,124.5,176.46,154.19
2019,AT,Hall-Wattens,173.19,183.09,191.67,246.61,260.68,201.64,159.9,172.06,225.15,202.4
2019,AT,Innsbruck,271.62,322.16,334.03,381.92,458.94,264.73,276.39,290.06,359.91,329.97
2019,AT,Kapfenberg,60.77,52.48,60.52,89.9,85.24,54.65,49.48,54.24,72.58,64.72
2019,AT,Mürzzuschlag,24.21,19.11,17.42,21.65,24.13,31.14,29.54,24.29,23.58,23.89
2019,AT,Purgstall,14.09,13.47,51.64,18.03,30.71,14.71,11.56,13.04,28.77,22.03
2019,AT,Region Millstättersee,36.65,31.64,62.64,79.96,94.81,49.76,32.86,33.71,71.79,55.47
2019,AT,Wasserverband Hofsteig,179.8,190.21,251.5,275.2,281.47,185.13,146.98,172.33,248.33,215.76
2019,BE,Antwerp Zuid,786.96,1389.77,977.75,1138.32,2048.63,1006.05,1582.17,1252.96,1292.69,1275.66
2019,BE,Boom,348.8,475.3,441.35,452.45,455.97,420.65,831.14,551.75,442.61,489.38
2019,BE,Brussels,462.05,383.44,567.22,511.16,415.85,454.74,387.46,410.98,487.24,454.56
2019,BE,Koksijde,60.48,72.04,85.71,100.86,179.72,44.98,232.11,121.54,102.82,110.84
2019,BE,Oostende,215.6,226.4,210.08,284.83,317.19,185.23,306.31,249.44,249.33,249.38
2019,CH,Basel,635.02,758.89,763.36,852.12,786.9,640.81,579.33,657.75,760.8,716.63
2019,CH,Berne,441,468.7,556.33,563.44,535.19,439.38,396.93,435.55,523.58,485.85
2019,CH,Geneva,622,700.3,781.58,819.72,,534.83,602.91,641.74,712.05,676.89
2019,CH,St. Gallen Hofen,754.26,846.22,943.11,1222.28,1203,723.51,676.36,758.95,1022.98,909.82
2019,CH,Zurich,771.53,811.58,870.04,1059.27,1074.69,899.95,749.5,777.54,975.99,890.94
2019,CY,Limassol,242.5,219.21,247.18,241.47,303,375.57,277.79,246.5,291.8,272.39
2019,CZ,Brno,28.18,27.97,36.9,38.46,61.37,63.22,36.18,30.78,49.99,41.76
2019,CZ,České Budějovice,14.75,14.86,19.24,17.76,27.46,25.4,16.81,15.47,22.47,19.47
2019,CZ,Ostrava,18.24,17.27,17.13,37.3,46.73,36.68,18.51,18.01,34.46,27.41
2019,CZ,Prague (2),388.38,422.86,513.32,652.27,586.24,411.76,370.63,393.96,540.9,477.92
2019,DE,Chemnitz,5.73,11.38,14.43,25.79,20.08,12.34,03.09,6.73,18.16,13.26
2019,DE,Dortmund,308.68,356.67,384.64,494.73,496.03,303.88,278.84,314.73,419.82,374.78
2019,DE,Dresden,20.92,20.85,22.78,43.68,43.61,26.05,19.07,20.28,34.03,28.14
2019,DE,Dülmen,79.55,63.82,121.08,199.7,176.11,160.27,106.35,83.24,164.29,129.55
2019,DE,Erfurt,39.38,36.93,43.57,76.79,75.01,51.97,40.53,38.95,61.83,52.03
2019,DE,Munich G,173.06,195.46,236.58,302.07,332.68,229.75,180.26,182.93,275.27,235.7
2019,DE,Saarbrücken (2),149.3,176.66,171.07,179.79,202.25,189.09,137.02,154.33,185.55,172.17
2019,DK,Copenhagen,387.78,189.6,465.14,704.98,1502.31,447.59,500.57,359.31,780,599.71
2019,ES,Barcelona,877.05,667.17,694.4,725.32,678.45,564.18,695.51,746.58,665.59,700.3
2019,ES,Castellon,637.95,617.13,585.96,725.74,960.17,888.16,585.73,613.61,790.01,714.41
2019,ES,Madrid VdlV,323.25,648.17,431.18,436.67,527.87,701.81,465.03,478.82,524.38,504.86
2019,ES,Santiago,466.5,553.56,359.48,691.65,642.97,477.19,312.43,444.17,542.82,500.54
2019,ES,Valencia (3),510.69,432.13,369.36,187.16,981.8,685.47,251.57,398.13,555.95,488.31
2019,FI,Espoo,30.71,40.03,45.37,68.74,63.39,44.08,34.08,34.94,55.39,46.63
2019,FI,Helsinki,55.14,50.3,63.03,117.78,108.88,68.48,53.06,52.83,89.54,73.81
2019,FI,Tampere,9.91,8.21,12.83,22.19,15.94,9.78,9.85,9.32,15.19,12.67
2019,FI,Turku,7.69,7.68,8.19,15.53,20.17,10.93,7.29,7.55,13.71,11.07
2019,FR,Bordeaux I,113.61,258.97,188.99,211.17,299.85,373.52,351.19,241.26,268.38,256.76
2019,FR,Paris Seine Centre,209.03,246.05,287.3,329.96,354.32,277.13,210.97,222.02,312.18,273.54
2019,GB,London,561.78,380.89,666.73,729.32,874.47,534.02,584.56,509.08,701.13,618.82
2019,GR,Athens,17.65,64.74,30.48,70.92,81.53,56.29,69.78,50.73,59.81,55.91
2019,GR,Eleusis,27.51,11.34,3.29,13.61,16.83,20.86,21.55,20.13,13.65,16.43
2019,HR,Zagreb,338.48,359.67,387.6,517.09,520.7,339.37,305.91,334.69,441.19,395.55
2019,IS,Reykjavik Klettagarðar,719.97,723.36,701.59,936.55,932.54,641.26,529.49,657.61,802.98,740.68
2019,IT,Bozen,368.97,320.73,597.78,431.33,390.19,281.04,254.46,314.72,425.08,377.79
2019,IT,Milan,237.42,225.28,216.79,273.73,247.81,244.65,210.18,224.29,245.75,236.55
2019,LT,Kaunas,46.54,41.36,52.14,103.62,94.4,70.9,48.31,45.4,80.26,65.32
2019,LT,Klaipeda,81.84,55.58,66.38,113.35,135.25,99.63,68.35,68.59,103.65,88.63
2019,LT,Vilnius,46.32,48.98,68.71,129.83,111.09,72.46,51.54,48.95,95.52,75.56
2019,LV,Riga,60.57,19.6,53.82,49.84,47.5,91.78,78.26,52.81,60.74,57.34
2019,NL,Amsterdam,898.05,687.74,825.14,1039.35,1238.79,1007.32,1206.68,930.82,1027.65,986.15
2019,NL,Eindhoven,575.01,427.28,499.02,669.88,637.17,548.37,461.21,487.83,588.61,545.42
2019,NL,Utrecht,352.02,524.64,468.04,565.26,518.69,396.36,396.76,424.48,487.09,460.25
2019,PL,Krakow P,29.35,42.61,49.54,62.69,43.4,61.17,37.26,36.41,54.2,46.57
2019,PT,Almada,138.39,141.95,169.17,190.98,173.21,142.12,181.99,154.11,168.87,162.54
2019,PT,Lisbon,409.47,391.02,465.8,528.29,537.5,465.59,375.74,392.08,499.29,453.34
2019,PT,Porto,254.53,248.33,233.75,258.91,300.35,381.14,173.43,225.43,293.54,264.35
2019,SE,Gävle,73.64,95.32,78.52,121.64,112.49,65.8,51.28,73.41,94.61,85.53
2019,SE,Stockholm (2),159.57,161.79,176.28,257.27,288.85,245.52,189.29,170.22,241.98,211.23
2019,SE,Uppsala,47.85,49.89,48.4,57.3,83.32,80.48,68.68,55.47,67.37,62.27
2019,SI,Domžale-Kamnik,194.88,225,274.22,356.09,372.2,189.53,123.86,181.25,298.01,247.97
2019,SI,Koper,447.89,510.01,585.02,697.03,665.4,526.84,716.95,558.28,618.57,592.73
2019,SI,Ljubljana,354.93,377.15,407.84,539.82,509.32,453.67,365.26,365.78,477.66,429.71
2019,SI,Maribor,207.15,181.38,214.55,299.82,361.19,253.17,145.21,177.91,282.18,237.5
2019,SI,Novo mesto,183.06,151.03,274.31,489.14,446,93.06,180.53,171.54,325.63,259.59
2019,SI,Velenje,110.27,163.83,112.71,181.96,218.22,122.34,187,153.7,158.81,156.62
2019,SK,Bratislava C,50.65,58.73,63.96,102.68,55.13,59.88,98.56,69.31,70.41,69.94
2019,SK,Piestany,28.45,27.5,21.61,57.05,53.99,30.03,13.67,23.21,40.67,33.19
2019,TR,Adana,4.15,3.43,2.25,2.66,4.17,2.87,2.23,3.27,2.99,3.11
2019,TR,Istanbul (II-VII),37.3,31.01,33.75,41.35,40.3,35.18,34.66,34.32,37.65,36.22
2020,AT,Graz,98.22,107.09,138.97,277.65,141.82,113.55,90.27,98.53,168,138.22
2020,AT,Hall-Wattens,198.51,191.85,188.4,252.67,258.04,184.96,197.85,196.07,221.02,210.32
2020,AT,Innsbruck,272.4,285.7,352.42,403.34,392.42,266.43,271.96,276.69,353.65,320.67
2020,AT,Kapfenberg,148.49,157.88,118.73,204.25,190.41,102.76,102.67,136.35,154.04,146.46
2020,AT,Kufstein,364.86,369.03,440.21,449.37,499.04,357.81,347.98,360.62,436.61,404.04
2020,AT,Purgstall,30.39,19.28,21.52,17.96,26.36,22.62,32.59,27.42,22.11,24.39
2020,AT,Region Millstättersee,83.16,60.52,74.26,101.62,92.53,53.24,64.7,69.46,80.41,75.72
2020,AT,Strass im Zillertal,94.1,97.21,119.48,171.26,171.9,100.89,99.95,97.09,140.88,122.11
2020,AT,Wasserverband Hofsteig,100.95,163.51,171.02,162.2,285.03,306.16,187.81,150.76,231.1,196.67
2020,BE,Antwerp Zuid,1049.69,949.03,1126.59,1201.26,2090.15,789.02,1018.39,1005.7,1301.75,1174.88
2020,BE,Boom,456.63,463.37,382.86,365.78,363.02,353,535.6,485.2,366.17,417.18
2020,BE,Brussels,445.45,525.75,492.9,534.19,509.93,432.1,379.07,450.09,492.28,474.2
2020,CH,Berne,512.87,520.74,553.28,664.97,619.6,522.41,576.42,536.68,590.06,567.18
2020,CH,Geneva,530.6,540.8,530.63,569.24,512.58,409.09,417.55,496.31,505.38,501.5
2020,CH,St. Gallen Hofen,624.28,619.53,744.62,959.27,,571.83,631.42,625.08,758.57,691.83
2020,CH,Zurich,731.69,659.17,810.15,1237.33,1074.64,782.13,825.43,738.76,976.06,874.36
2020,CY,Limassol,42.91,46.65,47.98,41.17,37.57,27.74,63.27,50.95,38.61,43.9
2020,CZ,Karlovy Vary,55.04,64.31,68.19,104.35,70.34,46.25,36.07,51.8,72.28,63.51
2020,CZ,Ostrava,37.3,43.37,41.66,74.31,46.2,33.92,41.06,40.58,49.02,45.4
2020,CZ,Prague (2),228.38,289.9,237.2,397.94,296.11,215.28,210.73,243.01,286.63,267.94
2020,DE,Chemnitz,20.99,18.99,22.2,33.38,39.45,37.58,18.77,19.58,33.15,27.34
2020,DE,Dortmund,302.36,252.51,242.48,247.62,369.85,351.73,368.69,307.85,302.92,305.04
2020,DE,Dresden,36.01,29.29,54.13,48.68,57.01,34.61,35.28,33.53,48.61,42.14
2020,DE,Dülmen,89.73,114,139.57,178.04,175.72,132.8,113.7,105.81,156.53,134.79
2020,DE,Erfurt,54.33,56.05,,78.39,107.15,74.09,56.14,55.51,86.54,71.02
2020,DE,Hamburg N,409.06,410.89,,,481.83,,363.04,394.33,481.83,471.34
2020,DE,Magdeburg,158.58,166.37,155.88,208.78,179.87,223.04,173.02,165.99,191.89,180.79
2020,DE,Munich G,246.4,,,222.14,157.03,145.93,185.13,215.77,175.03,191.33
2020,DE,Nuremberg,28.01,34.54,37.72,48.99,51.38,36.17,30.89,31.15,43.56,38.24
2020,DE,Saarbrücken (2),156.54,150.6,183.02,203.65,210.11,132.84,135.79,147.64,182.4,167.51
2020,ES,Castellon,445.46,487.24,417.29,397.07,498.16,432.24,387.86,440.19,436.19,437.9
2020,ES,Santiago,575.31,481.6,535.38,961.35,621.09,528.59,572.12,543.01,661.6,610.78
2020,FI,Espoo,33.12,36.87,38.98,63.06,73.21,46.53,39.53,36.5,55.44,47.33
2020,FI,Helsinki,51.52,62.03,71.59,117.43,126.22,76.97,68.09,60.55,98.05,81.98
2020,FI,Hämeenlinna,4.75,4.33,8.19,22.09,25.29,16.83,6.4,5.16,18.1,12.55
2020,FI,Joensuu,1.7,1.62,1.94,2.58,2.21,0.78,1.35,1.56,1.88,1.74
2020,FI,Jyväskylä,2.9,03.08,2.4,4.54,2.55,2.6,03.04,03.01,03.02,03.01
2020,FI,Kajaani,01.01,1.72,0.49,0.64,0.75,0.53,1.34,1.36,0.6,0.93
2020,FI,Kemi,0.19,03.04,2.55,04.06,02.09,0.35,0.7,1.31,2.27,1.86
2020,FI,Kokkola,0.59,0.63,0.85,0.86,0.6,0.41,1.32,0.85,0.68,0.75
2020,FI,Kotka,17.48,11.87,9.27,21.56,30.22,27.31,11.26,13.54,22.09,18.43
2020,FI,Kouvola,9.31,6.47,7.87,8.85,7.59,5.96,6.83,7.54,7.57,7.55
2020,FI,Kuopio,1.22,0.61,1.64,11.87,16.4,5.74,3.75,1.86,8.91,5.89
2020,FI,Lahti,20.1,36.7,28.35,44.67,55.8,35.72,41.05,32.62,41.14,37.49
2020,FI,Lappeenranta,2.29,1.61,01.07,1.54,0.58,1.85,1.31,1.73,1.26,1.47
2020,FI,Mariehamn,22.69,32.77,31.6,67.27,76.07,31.89,28.4,27.95,51.71,41.53
2020,FI,Mikkeli,2.8,3.17,3.19,03.07,4.81,1.91,1.88,2.62,3.25,2.98
2020,FI,Oulu,2.87,2.27,3.38,5.25,5.29,3.49,3.49,2.88,4.35,3.72
2020,FI,Pietarsaari,0.14,0.15,0.46,0.13,0.29,0.18,0.16,0.15,0.26,0.22
2020,FI,Pori,3.38,2.56,2.99,5.61,4.35,4.22,3.11,03.02,4.29,3.74
2020,FI,Rauma,0.9,01.07,0.24,0.86,1.82,1.26,1.31,01.09,01.04,01.06
2020,FI,Rovaniemi,2.38,4.87,4.87,4.52,3.64,1.88,0.51,2.59,3.73,3.24
2020,FI,Salo,1.13,2.27,2.81,2.55,0.98,0.91,2.73,02.04,1.81,1.91
2020,FI,Savonlinna,1.9,0.58,0.93,1.99,5.27,2.64,02.02,1.5,2.71,2.19
2020,FI,Seinäjoki,4.87,4.18,6.6,10.11,8.5,04.06,02.03,3.69,7.32,5.76
2020,FI,Tampere,12.65,12.17,14.55,26.44,23.01,23.41,15.82,13.55,21.85,18.29
2020,FI,Turku,8.9,12.65,15.61,26.24,30.12,17.46,11.69,11.08,22.36,17.52
2020,FI,Vaasa,2.89,1.17,0.97,2.18,2.72,1.69,1.11,1.73,1.89,1.82
2020,FI,Vihti,9.53,11.01,7.88,24.68,41.46,11.91,11.62,10.72,21.48,16.87
2020,FR,Paris Seine Centre,410.4,475.08,410.75,387.83,447.58,377.26,365.15,416.87,405.85,410.58
2020,HR,Zagreb,404.92,486.96,544.26,637.92,625.2,470.37,402.07,431.32,569.44,510.24
2020,IS,Reykjavik Klettagarðar,201.58,290.26,310.08,364.19,374.78,239.08,202.77,231.54,322.03,283.25
2020,IT,Bozen,282.33,310.22,332.48,387.81,403,322.93,292.89,295.15,361.56,333.1
2020,IT,Milan,342.15,,346.31,539.14,425.75,,353.85,348,437.07,401.44
2020,LT,Kaunas,55.65,57.53,57.73,72.79,86.14,66.67,60.92,58.04,70.83,65.35
2020,LT,Klaipeda,60.38,68.02,61.98,74.1,114.11,153.26,97.5,75.3,100.86,89.91
2020,LT,Vilnius,47.03,63.33,55.53,143.52,92.08,50.58,44.89,51.75,85.43,70.99
2020,LV,Riga,45.4,80.48,76.92,94.2,109.1,98.93,45.4,57.09,94.79,78.63
2020,NL,Amsterdam,706.35,715.85,855.76,712.68,864.88,821.5,703.48,708.56,813.7,768.64
2020,NL,Eindhoven,436.08,448.96,545.83,611.89,686.56,480.16,451.16,445.4,581.11,522.95
2020,NL,Utrecht,397.49,417.12,533.71,632.15,581.02,438.3,455.64,423.42,546.29,493.63
2020,PL,Krakow P,42.78,54.38,59.5,62.86,55.09,64.33,38.77,45.31,60.45,53.96
2020,PT,Almada,322.29,282.04,189.01,162.5,190.66,300.6,184.91,263.08,210.69,233.14
2020,PT,Lisbon,343.95,365.92,368.38,447.41,341.29,372.54,321.14,343.67,382.4,365.8
2020,PT,Porto,341.01,356.55,321.27,336.83,340.68,290.41,322.16,339.91,322.3,329.85
2020,RS,Novi Sad,146.73,121.31,135.54,126.25,83.9,132.33,135.62,134.55,119.5,125.95
2020,SE,Gävle,72.46,63.13,84.16,164.78,172.24,96.09,71.99,69.19,129.32,103.55
2020,SE,Sandviken,33.29,52.34,84.23,139.17,114.51,84.71,46.24,43.95,105.66,79.21
2020,SE,Stockholm (2),213.87,274.25,298.98,407.29,536.19,324.63,208.13,232.08,391.77,323.34
2020,SE,Söderhamn,19.42,18.99,55.36,67.28,104.82,100.77,48.89,29.1,82.06,59.36
2020,SE,Uppsala,72.75,74.28,95.61,124.93,153.94,72.85,68.86,71.96,111.83,94.74
2020,SI,Domžale-Kamnik,148.8,159.51,155.53,175.91,199.27,138.58,152.07,153.46,167.32,161.38
2020,SI,Koper,306.04,305.32,344.2,363.01,,265.97,341.43,317.6,324.39,320.99
2020,SI,Ljubljana,287.91,302.94,301.75,401.16,392.99,329.27,336.3,309.05,356.29,336.05
2020,SI,Maribor,114.96,128.11,148.12,175.68,165.55,115.9,129.46,124.18,151.31,139.68
2020,SI,Novo mesto,85.13,99.88,103.75,143.97,146.71,91.86,80.81,88.61,121.57,107.44
2020,SI,Velenje,124.17,112.96,167.66,161.06,182.05,141.43,147.62,128.25,163.05,148.13
2020,TR,Adana,05.09,4.89,5.57,3.16,5.28,4.92,5.3,05.09,4.73,4.89
2020,TR,Istanbul (II-VII),45.23,58.05,43.9,55.79,63.5,59.83,54.79,52.69,55.75,54.44
2021,AT,Graz,127.6,121.48,137.75,174.94,179.55,117.31,111.91,124.69,157.27,138.65
2021,AT,Hall-Wattens,178.82,165.84,192.33,265.02,273.44,191.52,166.59,175.9,243.33,204.8
2021,AT,Innsbruck,240.42,213.93,253.75,378.65,363.59,199.73,269.2,244.32,313.99,274.18
2021,AT,Kapfenberg,84.03,91.98,81.32,138.8,191.87,105.94,70.74,82.02,145.54,109.24
2021,AT,Kufstein,290.45,402.83,408.91,350.64,708.28,349.09,301.09,350.82,469.34,401.61
2021,AT,Purgstall,18.38,28.18,31.78,34.6,30.99,36.88,16.89,23.81,34.16,28.24
2021,AT,Region Millstättersee,27.11,18.71,29.18,32.81,31.82,25.01,48.46,30.87,29.88,30.44
2021,AT,Strass im Zillertal,98.59,107.34,107.53,137.12,141.18,104.15,90.4,100.97,127.48,112.33
2021,AT,Wasserverband Hofsteig,566.57,153.67,390.22,339.61,573.3,220.75,217.94,332.1,377.89,351.72
2021,BE,Antwerp Zuid,1335.68,1307.06,1594.08,1806.01,1631.2,1770.91,1628.19,1466.25,1736.04,1581.88
2021,BE,Brussels,699.36,682.28,695.82,867.63,928.04,857.41,646.05,680.88,884.36,768.08
2021,CH,Basel,729.7,735.06,902.21,738.63,878.21,425.17,547.57,728.64,680.67,708.08
2021,CH,Berne,518.96,468.83,519.53,606.59,518.57,304.96,572.17,519.87,476.71,501.37
2021,CH,Geneva,659.29,575.65,723.45,,,,,652.8,,652.8
2021,CH,St. Gallen Hofen,978.3,1318.65,1617.53,1615.07,1558.87,1177.21,1091.16,1251.41,1450.38,1336.68
2021,CH,Zurich,720.81,685.54,822.09,1044.92,1012.19,683.75,564.79,698.31,913.62,790.58
2021,CY,Agia Napa,86.51,68.58,82.45,114.61,103.19,256.29,157.84,98.84,158.03,124.21
2021,CY,Larnaca,28.26,37,36.77,49,72.58,40.8,12.72,28.69,54.13,39.59
2021,CY,Limassol,43.68,105.72,37.11,163.56,92.01,56.35,17.21,50.93,103.97,73.66
2021,CY,Nicosia (2),33.63,29.05,38.45,67.6,73.97,48.86,42.21,35.83,63.48,47.68
2021,CY,Paphos,8.34,14.11,14.38,42.01,62.76,27.69,8.26,11.27,44.15,25.36
2021,CZ,Brno,42.52,45.75,61.54,63.38,118.02,123.07,69.85,54.91,101.49,74.87
2021,CZ,České Budějovice,57.46,45.7,46.97,48.37,80.73,70.5,52.69,50.71,66.53,57.49
2021,CZ,Karlovy Vary,54.41,59.13,79.5,90.47,68.16,43.87,52.39,61.36,67.5,63.99
2021,CZ,Ostrava,45.54,39.67,54.95,91.61,44.54,18.84,26.22,41.59,51.66,45.91
2021,CZ,Prague (2),191.59,220.63,239.46,306.81,295.65,221.83,202.84,213.63,274.76,239.83
2021,DE,Chemnitz,20.36,,3.73,05.03,33.8,26.66,20.18,14.76,24.82,20.51
2021,DE,Dortmund,422.78,,403.37,555.31,489.19,476.84,500.65,442.27,502.63,476.76
2021,DE,Dresden,44.33,33.6,53.36,111.06,28.46,49.51,34.19,41.37,63.01,50.65
2021,DE,Dülmen,208.14,246.64,237.83,305.28,220.66,117.67,116.5,202.28,214.54,207.53
2021,DE,Erfurt,59.95,,68.8,113.91,89,78.33,68.52,65.76,92.56,81.07
2021,DE,Magdeburg,157.06,207.02,216.32,306.35,277.6,192.4,198.71,194.78,258.78,222.21
2021,DE,Munich G,201.41,,195.42,334.3,215.67,266.98,223.77,206.87,258.15,236.17
2021,DE,Nuremberg,47.23,,75.22,93.97,87.09,68.39,51.58,58.01,84.13,72.94
2021,DE,Saarbrücken (2),148.27,,187.87,228.45,235.19,198.07,220.47,185.54,224.22,207.64
2021,DK,Copenhagen,440.4,445.22,511.73,780.71,680.88,448.1,426.44,455.95,636.56,533.35
2021,DK,Odense,208.32,316.01,320.29,362.63,250.16,320.27,288.36,283.24,311.02,295.15
2021,EE,Narva,23.54,21.51,43.27,89.58,27.34,22.06,22.82,27.78,46.33,35.73
2021,EE,Tartu,41.53,26.89,31.25,201.61,61,41.3,,33.22,101.3,67.26
2021,ES,Barcelona,475.89,509.79,607.85,905.12,920.7,532.14,706.15,574.92,785.99,665.38
2021,ES,Castellon,528.97,516.73,415.39,444.18,686.83,547.65,565.89,506.74,559.55,529.38
2021,ES,Santiago,382.53,615.27,699.87,592.04,768.73,433.3,337.03,508.67,598.02,546.97
2021,FI,Espoo,27.43,27.45,37.6,62.58,70.76,40.35,24.27,29.19,57.9,41.49
2021,FI,Helsinki,40.71,38.64,52.07,91.5,99.95,59.96,40.86,43.07,83.8,60.53
2021,FI,Tampere,5.9,6.95,12.73,16.76,10.47,8.16,4.91,7.62,11.8,9.41
2021,FI,Turku,4,6.53,6.97,17.89,20.71,11.05,6,5.87,16.55,10.45
2021,FR,Paris Seine Centre,414.32,478.29,339.12,442.37,570.58,348.57,398.69,407.6,453.84,427.42
2021,GB,Bristol,409.93,,,798.02,1297.59,1137.43,601.04,505.49,1077.68,750.71
2021,GR,Athens,84.15,87.54,104.84,106.77,109.23,79.58,98.84,93.84,98.53,95.85
2021,HR,Zagreb,463.38,460.79,614.24,745.92,667.5,492,396.51,483.73,635.14,548.62
2021,IT,Bozen,313.74,328.28,345.53,427.38,423.81,395.29,335.68,330.81,415.5,367.1
2021,IT,Milan,368.15,382.98,413.25,444.71,415.53,337.71,334.72,374.77,399.31,385.29
2021,LT,Kaunas,71.22,68.57,77.73,97.57,122.54,90.21,64.95,70.62,103.44,84.69
2021,LT,Klaipeda,84.08,65.6,82.94,111.37,151.17,191.62,75.26,76.97,151.39,108.86
2021,LT,Vilnius,96.91,,102.83,160.71,192.8,106.48,90.06,94.97,153.33,119.98
2021,LV,Riga,62.91,66.96,74.64,202.2,174.86,99.85,86.2,72.68,158.97,109.66
2021,NL,Amsterdam,871.7,711.38,750.04,960.11,1113.89,910.17,890.56,805.92,994.72,886.83
2021,NL,Eindhoven,479.08,531.18,556.65,583.12,934.03,678.76,602.43,542.34,731.97,623.61
2021,NL,Utrecht,641.34,447.39,501.79,641.57,614.82,430.9,429.03,504.89,562.43,529.55
2021,PL,Krakow P,51.82,56.63,64.4,106.17,100.91,48.01,42.43,53.82,85.03,67.2
2021,PT,Almada,245.42,264.05,332.82,443.15,912.51,221.13,412.46,313.69,525.6,404.51
2021,PT,Lisbon,474.89,450.49,481.54,588.27,654.12,482.33,371.7,444.66,574.91,500.48
2021,PT,Porto,226.12,183.96,195.32,213.23,410.79,197.6,237.58,210.75,273.88,237.8
2021,SE,Gävle,100.69,85.95,122.94,267.63,328.93,183.4,105.36,103.74,259.99,170.7
2021,SE,Sandviken,78.15,70.69,106.78,142.72,216.51,77.71,21.32,69.23,145.65,101.98
2021,SE,Stockholm (2),97.87,101.76,147.28,227.98,216.79,183.83,138.85,121.44,209.53,159.19
2021,SE,Söderhamn,,26.87,37.84,86.2,89.51,43.3,33.8,33.08,73,50.19
2021,SE,Uppsala,56.44,70.12,69.18,106.09,111.85,72.22,53.92,62.41,96.72,77.12
2021,SI,Domžale-Kamnik,198.33,203.61,268.75,383.04,353.51,193.2,193.17,215.96,309.92,256.23
2021,SI,Koper,367.44,416.03,340.95,430.32,535.2,403.88,352.03,369.11,456.47,406.55
2021,SI,Ljubljana,522.77,164.96,329.45,343.41,381.15,430.66,,339.06,384.09,364.79
2021,SI,Maribor,86.95,104.43,137.81,213.6,225.12,232.67,90.22,104.85,223.8,155.83
2021,SI,Novo mesto,139.34,151.97,197.15,271.51,241.56,189.84,158.34,161.7,234.3,192.82
2021,SI,Velenje,183.16,195.53,278.97,310.8,277.94,159.85,136.95,198.65,249.53,220.45
2021,SK,Bratislava C,44.66,56.7,54.53,39.05,82,127.7,128.54,71.11,82.92,76.17
2021,SK,Piestany,12.31,18.19,12.65,6.33,4,4.69,25.24,17.1,05.01,11.92
2021,TR,Adana,6.43,4.98,5.2,4.19,05.02,7.31,6.8,5.85,5.51,5.71
2021,TR,Istanbul (II-VII),55.9,57.25,54.39,64.33,48.98,44.71,51.62,54.79,52.67,53.88
2022,AT,Graz,163.63,153.52,193.23,241.92,225.36,146.9,139.79,152.32,201.85,180.62
2022,AT,Hall-Wattens,250.21,254.08,283.7,356.65,343.63,246.85,200.89,235.06,307.71,276.57
2022,AT,Innsbruck,301.15,324.95,373.86,486.61,432,305.2,288.61,304.9,399.42,358.91
2022,AT,Kapfenberg,94.4,67.2,88.06,102.49,148.83,81.98,98.9,86.84,105.34,97.41
2022,AT,Klagenfurt,147.89,146.99,252.46,210.99,222.31,182.01,128.09,140.99,216.94,184.39
2022,AT,Knittelfeld,43.13,63.29,61.35,88.81,104.44,55.99,52.52,52.98,77.65,67.08
2022,AT,Korneuburg,134.34,185.54,99.19,343.38,239.99,183.79,164.64,161.51,216.59,192.98
2022,AT,Kufstein,504.04,545.85,569.43,632.9,665.51,429.72,409.12,486.33,574.39,536.65
2022,AT,Purgstall,16.62,49.59,65.13,63.96,27.55,5.76,43.02,36.41,40.6,38.8
2022,AT,Region Millstättersee,91.17,114.47,126.26,152.07,108.67,102.51,78.86,94.84,122.38,110.57
2022,AT,Salzburg,174.68,174.96,197.81,213.77,236.25,186.49,161.67,170.44,208.58,192.23
2022,AT,Steyr,50.89,34.57,45.53,195.29,145.78,56.53,44.05,43.17,110.78,81.8
2022,AT,Strass im Zillertal,124.94,139.15,150.49,184.8,190.99,124.69,129.51,131.2,162.74,149.22
2022,AT,Wasserverband Hofsteig,268.3,242.15,345.38,437.14,409.94,279.13,258.85,256.43,367.9,320.13
2022,AT,Wien,287.63,341.65,396.64,452.43,455.06,360.55,300.1,309.79,416.17,370.58
2022,AT,Wiener Neustadt,154.62,176.96,151.96,214.37,224.99,162.41,142.86,158.15,188.43,175.45
2022,AT,Wildon,135.97,152.3,170.28,218.3,232.13,146.04,116.89,135.05,191.69,167.42
2022,BE,Antwerp Zuid,1582.68,3175.71,2295.28,1767.23,2154.56,3996.27,1697.97,2152.12,2553.33,2381.39
2022,BE,Brussels,931.81,865.82,1189,1159.42,1125.32,828.32,793.93,863.85,1075.51,984.8
2022,CH,Basel,820.86,681.95,839.81,1098.47,972.96,738.54,712.21,738.34,912.44,837.83
2022,CH,Berne,484.77,456.49,687,621.49,627.14,451.72,420.86,454.04,596.84,535.64
2022,CH,Geneva,723.42,697.08,945.89,834.32,987.99,598.32,600.76,673.76,841.63,769.69
2022,CH,Zurich,1025.93,838.18,946.15,1060.7,1237.11,787.1,622.47,828.86,1007.76,931.09
2022,CY,Agia Napa,56.61,9.8,8.89,33.75,61.64,44.32,28.31,31.57,37.15,34.76
2022,CY,Larnaca,36.37,12.26,7,30.78,61.87,36.03,35.09,27.91,33.92,31.34
2022,CY,Limassol,86,54.44,75.31,130.98,144.99,123.08,75.86,72.1,118.59,98.67
2022,CY,Nicosia (2),40.99,42.15,40.67,52.62,56.56,58.95,30.88,38.01,52.2,46.12
2022,CY,Paphos,21.56,25.23,27.74,43.2,49.38,32.84,26.22,24.34,38.29,32.31
2022,CZ,Brno,40.9,66.07,68.98,79.68,155.9,134.78,92.83,66.6,109.84,91.31
2022,CZ,České Budějovice,110.24,45.93,78.43,84.72,131.83,168.65,86.87,81.01,115.91,100.95
2022,CZ,Karlovy Vary,74.16,243.57,138.13,180.48,64.04,59.08,67.55,128.43,110.43,118.14
2022,CZ,Ostrava,51.75,47.87,,89.8,123.32,63.6,53.74,51.12,92.24,71.68
2022,CZ,Prague (2),599.12,414.46,339.52,412.8,445.66,789.69,592.56,535.38,496.92,513.4
2022,DE,Berlin (4),458.07,376.72,543.48,637.67,905.74,472.5,453.45,425.77,620.66,541.34
2022,DE,Chemnitz,14.19,21.38,26.56,34.18,38.73,27.74,,17.78,31.8,27.13
2022,DE,Dortmund,271.86,333.38,420.88,315.29,460.96,295.66,,302.62,373.2,349.67
2022,DE,Dresden,30.07,40.94,48.12,65.76,73.68,43.64,38.92,36.64,57.8,48.73
2022,DE,Dülmen,81.69,68.3,130.14,212.71,211.11,,67.51,72.5,184.65,128.58
2022,DE,Erfurt,47.33,84.58,53.12,130.48,120.26,66.56,45.81,59.24,92.61,78.31
2022,DE,Magdeburg,135.5,196.46,171.62,243.12,269.12,222.38,184.02,171.99,226.56,203.17
2022,DE,Munich G,192.66,218.42,223.31,322.38,300.13,221.37,176.62,195.9,266.8,236.41
2022,DE,Nuremberg,45.93,49.76,63.98,82.48,90.43,55.77,44.63,46.77,73.17,61.86
2022,DE,Saarbrücken (2),208.82,171.56,145.06,188.92,235.96,223.91,195.46,191.95,198.46,195.67
2022,DK,Copenhagen,438.92,405,726.99,1029.23,884.93,607.44,438.94,427.62,812.15,647.35
2022,EE,Kohtla-Järve (2),17.34,24.2,22.38,18.46,36.97,64.7,48.21,29.92,35.63,33.18
2022,EE,Tallinn,155.29,164.95,244.57,206.86,247.84,218.26,175.03,165.09,229.38,201.83
2022,ES,Barcelona,339.39,444.52,715.78,896.36,951.39,485.46,522.94,435.62,762.25,622.26
2022,ES,Castellon,484.1,487.5,540.33,662.1,606.57,632.88,466.59,479.4,610.47,554.3
2022,ES,Lleida,734.72,572.62,570.88,1061.06,985.27,820.69,571.53,626.29,859.47,759.54
2022,ES,Santiago,332.56,425.32,496.03,828.98,676.23,404.02,372.56,376.81,601.31,505.1
2022,ES,Tarragona,1326.76,1500.66,1733.88,1936.34,1929.49,1557.14,1289.56,1372.33,1789.21,1610.55
2022,ES,Valencia (3),617.91,576.09,458.54,699.41,899.52,811.08,1006.27,733.42,717.14,724.12
2022,FI,Espoo,49.13,53.35,55.04,100.74,109,64.13,45.05,49.18,82.23,68.06
2022,FI,Helsinki,77.9,83.77,95.95,173.47,202.3,114.49,84.67,82.11,146.55,118.93
2022,FI,Hämeenlinna,2.9,02.06,3.14,10.43,18.7,14.26,4.99,3.31,11.63,08.07
2022,FI,Joensuu,3.15,1.62,2.72,6.94,13.13,7.25,06.07,3.61,7.51,5.84
2022,FI,Jyväskylä,4.34,4.6,5.69,11.59,11.85,3.53,3.57,4.17,8.16,6.45
2022,FI,Kajaani,0.11,0.23,1.9,01.08,0.23,0.13,0.5,0.28,0.83,0.6
2022,FI,Kemi,0.1,0.1,0.1,0.1,0.1,0.11,0.21,0.14,0.1,0.12
2022,FI,Kokkola,0.75,0.54,0.49,0.6,0.64,0.7,1.93,01.07,0.61,0.81
2022,FI,Kotka,11.59,15.16,25.94,27.62,30.38,19.48,31.61,19.45,25.86,23.11
2022,FI,Kouvola,8.39,9.86,7.42,12.71,8.17,3.91,6.85,8.37,08.05,8.19
2022,FI,Kuopio,8.75,5.16,12.97,21.48,49.56,25.97,18.82,10.91,27.49,20.39
2022,FI,Lahti,44.52,59.89,49.92,88.41,99.48,45.41,37.07,47.16,70.81,60.67
2022,FI,Lappeenranta,0.8,8.72,7.85,20.99,22.99,10.29,6.85,5.46,15.53,11.21
2022,FI,Mariehamn,06.03,24.36,20.4,33.73,46.6,17.3,9.37,13.25,29.51,22.54
2022,FI,Mikkeli,0.93,0.76,0.58,03.09,3.89,1.29,0.49,0.73,2.21,1.57
2022,FI,Oulu,7.95,4.29,4.57,6.94,9.95,09.08,7.67,6.64,7.64,7.21
2022,FI,Pietarsaari,0.64,0.9,0.43,0.62,1.22,0.82,0.15,0.56,0.77,0.68
2022,FI,Pori,04.08,3.66,4.77,5.88,12.58,9.56,5.89,4.55,8.2,6.63
2022,FI,Rauma,1.91,1.59,4.95,12.44,12.32,7.29,2.84,2.11,9.25,6.19
2022,FI,Rovaniemi,1.37,03.09,1.96,0.82,8.19,6.97,1.89,2.12,4.49,3.47
2022,FI,Salo,7.83,16.07,7.21,23.73,17.05,37.57,36.98,20.29,21.39,20.92
2022,FI,Savonlinna,0.93,0.7,1.71,2.33,0.84,1.25,5.93,2.52,1.53,1.96
2022,FI,Seinäjoki,1.86,3.61,5.23,4.61,6.88,3.2,2.74,2.74,4.98,04.02
2022,FI,Tampere,13.6,10.73,14.39,26.47,11.62,05.08,10.58,11.64,14.39,13.21
2022,FI,Turku,11.03,10.73,14.12,21.87,37.77,20.12,12.39,11.38,23.47,18.29
2022,FI,Vaasa,2.31,03.03,1.54,1.26,01.08,1.94,1.54,2.29,1.46,1.81
2022,FI,Vihti,40.78,27.75,23.24,46.79,37.83,33.67,13.89,27.47,35.38,31.99
2022,GR,Athens,111.44,105.44,97.3,104.07,115.96,101.36,92.39,103.09,104.67,103.99
2022,HR,Zagreb,371.77,220.37,773.52,429.91,352.44,362.46,297.86,296.66,479.58,401.19
2022,IS,Reykjavik Klettagarðar,346.74,382.57,513.3,743.21,670.57,486.21,518.31,415.87,603.32,522.99
2022,IT,Bozen,340.95,366.72,351.69,419.9,421.86,316.69,350.28,352.65,377.53,366.87
2022,IT,Milan,337.4,391.13,373.17,493.23,449.7,352.84,333.27,353.93,417.23,390.11
2022,LT,Kaunas,91.84,104.64,126.56,194.47,234.4,154.06,119.11,105.2,177.37,146.44
2022,LT,Klaipeda,51.66,56.85,69.85,53.58,92.47,111.96,64.32,57.61,81.96,71.53
2022,LT,Vilnius,96.22,92.6,104.33,192.59,190.16,115.78,74.44,87.75,150.71,123.73
2022,LV,Riga,168.11,150.96,170.89,252.04,317.95,227.4,123.93,147.66,242.07,201.61
2022,NL,Amsterdam,951.06,938.94,1089.47,1237.75,1512.58,1266.58,1000.6,963.53,1276.6,1142.43
2022,NL,Eindhoven,621.21,635.42,706.88,829.28,857.69,721.38,623.84,626.82,778.81,713.67
2022,NL,Utrecht,532.6,575.78,705.45,794.5,777.43,621.46,554.15,554.18,724.71,651.63
2022,PL,Krakow P,58.58,92.24,80.41,104.29,98.69,77.54,63.25,71.36,90.23,82.14
2022,PT,Almada,380.7,613.87,311.99,670.07,600.05,425.78,309.79,434.78,501.97,473.18
2022,PT,Lisbon,739.2,647.58,707.2,776.59,1000.44,692.84,559.8,648.86,794.27,731.95
2022,PT,Porto,291.59,232.61,210.53,268.99,336.11,293.2,227.95,250.72,277.21,265.85
2022,SE,Gävle,79.96,69.51,96.31,196.21,208.07,99.46,98.11,82.53,150.01,121.09
2022,SE,Sandviken,,107.07,81,115.16,160.24,100.03,74.87,90.97,114.11,106.4
2022,SE,Växjö,39.78,37.46,49.15,116.71,104.12,51.08,21.12,32.79,80.27,59.92
2022,SI,Domžale-Kamnik,258.57,247.69,219.75,255.51,285.18,286.31,202.73,236.33,261.69,250.82
2022,SI,Koper,285.17,346.93,333.37,473.75,277.37,339.05,378.89,337,355.89,347.79
2022,SI,Kranj,174.46,170.4,168.56,295.57,222.32,145.37,139.3,161.39,207.95,188
2022,SI,Ljubljana,404.06,459.39,466.19,543.26,548.49,375.5,469.22,444.22,483.36,466.59
2022,SI,Maribor,189.34,209.27,210.77,337.19,319.44,226.8,190.5,196.37,273.55,240.47
2022,SI,Novo mesto,207.62,198.14,253.24,397.89,367.22,222.32,181.49,195.75,310.17,261.13
2022,SI,Velenje,212.85,175.7,229.74,271.8,189.12,171.8,156.33,181.63,215.62,201.05
2022,SK,Bratislava C,139.59,243.01,321.09,335.82,204.17,176.02,165.92,182.84,259.27,226.52
2022,SK,Piestany,32.24,27.96,7.85,86.45,70.9,38.48,25.43,28.54,50.92,41.33
2022,TR,Adana,7.28,08.01,08.05,10.42,13.22,10.65,5.96,07.08,10.59,09.09
2022,TR,Istanbul (II-VII),53.01,64.41,43.95,65.84,62.64,66.53,57.28,58.23,59.74,59.09
2023,AT,Graz,196.33,199.25,237.64,394.13,373.67,300.54,247.33,214.3,326.49,278.41
2023,AT,Hall-Wattens,299.03,340.63,319.73,403.8,428.07,249.69,267.15,302.27,350.32,329.73
2023,AT,Innsbruck,386.89,384.21,396.71,557.03,562.98,368.84,307.07,359.39,471.39,423.39
2023,AT,Kapfenberg,126.55,101.68,137.39,213.63,223.02,132.71,124.54,117.59,176.68,151.36
2023,AT,Klagenfurt,201.74,186.21,127.93,210.31,225.55,192.14,181.18,189.71,188.98,189.29
2023,AT,Knittelfeld,101.32,143.5,141.54,176.1,76.57,100.56,83.12,109.31,123.69,117.53
2023,AT,Kufstein,543.79,527.62,519.23,738.85,773.21,514.01,507.09,526.17,636.32,589.11
2023,AT,Purgstall,14.64,23.35,22.21,22.43,27.94,41.58,22.09,20.02,28.54,24.89
2023,AT,Region Millstättersee,225.76,383.39,151.96,138.08,207.4,268.03,139.36,249.5,191.37,216.28
2023,AT,Salzburg,196.07,226.51,282.74,330.02,336.57,210.88,193.99,205.52,290.05,253.83
2023,AT,Steyr,84.43,99.68,134.94,168.08,167.7,156.19,113.28,99.13,156.73,132.04
2023,AT,Strass im Zillertal,184.34,208.11,210.99,258.31,268.52,231.89,198.88,197.11,242.43,223.01
2023,AT,Wasserverband Hofsteig,205.68,243.63,282.53,362.19,348.14,210.8,244.41,231.24,300.91,271.05
2023,AT,Wien,387.02,408.61,450.67,569.4,544.88,361.22,377.41,391.01,481.54,442.74
2023,AT,Wiener Neustadt,198.7,208.99,260.3,279.29,420.95,296.24,213.41,207.03,314.19,268.27
2023,AT,Wildon,116.14,144.91,167.1,241.32,252.39,233.78,166.58,142.54,223.65,188.89
2023,AU,Australia (55 sites),90.12,62.95,85.08,120.71,161.16,118.65,78.92,77.33,121.4,102.51
2023,BE,Antwerp Zuid,1440.74,1846.29,1361.79,1905.41,2041.6,1946.01,1509.18,1598.74,1813.7,1721.58
2023,BE,Brussels,661.41,541.21,689.76,576.03,315.9,705.21,698.02,633.55,571.72,598.22
2023,BR,Belo Horizonte (2),809.45,832.12,788.15,1260.01,866.18,961.02,885.6,842.39,968.84,914.65
2023,BR,Brasilia (I-VII),524.23,602.91,513.76,722.14,848,750.38,555.22,560.79,708.57,645.23
2023,BR,Curitiba (2),792.74,772.45,859,1066.44,982.22,870.87,710.74,758.64,944.63,864.92
2023,BR,Natal,185.36,229.58,217.8,305.9,248.97,215.67,164.91,193.28,247.09,224.03
2023,BR,Recife,92.74,123.53,201.16,363.49,414.23,108.22,29.71,81.99,271.78,190.44
2023,BR,Sarandi,,613.01,,733.02,870.49,922.01,549.37,581.19,841.84,737.58
2023,BR,Serraria,,,699.43,828.79,1006.21,1010.39,887.82,887.82,886.21,886.53
2023,BR,São Carlos,939.58,575.24,730.79,170.74,651.35,320.44,597.42,704.08,468.33,569.37
2023,BR,São Paulo (I-V),458.97,490.97,462.87,585.93,527.26,459.42,357.11,435.68,508.87,477.5
2023,CH,Basel,499.1,497.48,674.61,561.47,733.97,417.62,535.58,510.72,596.92,559.98
2023,CH,Berne,618.53,676.42,762.37,690.41,630.85,500.12,540.85,611.94,645.94,631.37
2023,CH,Geneva,790.08,769.5,819.56,960.25,959.09,686.88,704.86,754.82,856.45,812.89
2023,CH,Zurich,949.4,871.14,971.71,1115.42,1447.64,875.21,927.72,916.09,1102.5,1022.61
2023,CL,Concepción,157.07,161.12,187.3,216.6,218.9,173.95,179.01,165.73,199.19,184.85
2023,CL,Lebu,176.29,148.46,222.76,249.17,251.56,231.43,218.44,181.06,238.73,214.01
2023,CL,Los Angeles,187.2,176.24,242.22,211.64,225.04,182.49,239.92,201.12,215.35,209.25
2023,CY,Agia Napa,49.84,50.84,77.54,141.43,144.67,26.61,38.19,46.29,97.56,75.59
2023,CY,Larnaca,6.15,4.15,44.64,41.8,51.84,46.43,11.61,7.3,46.18,29.52
2023,CY,Limassol,70.02,89.14,130.27,130.2,136.9,110.22,72.01,77.05,126.9,105.54
2023,CY,Nicosia (2),87.16,72.33,28.83,47.41,95.37,71.65,54.13,71.21,60.81,65.27
2023,CY,Paphos,32.67,33.88,39.27,41.15,33.82,41.3,26.14,30.9,38.89,35.46
2023,CZ,Brno,80.97,87.54,106.61,114.88,73.24,151.65,194.35,120.95,111.6,115.61
2023,CZ,České Budějovice,88.21,96.82,114.66,80.2,204.51,186.89,129.79,104.94,146.56,128.73
2023,CZ,Karlovy Vary,126.53,130.61,175.43,176.85,108.07,103.57,95.48,117.54,140.98,130.93
2023,CZ,Ostrava,73.98,72.59,80.01,153.81,127.59,108.89,76.89,74.49,117.58,99.11
2023,CZ,Plzeň,107.25,132.8,82.61,185.78,241.51,218.77,167.42,135.82,182.17,162.31
2023,DE,Chemnitz,44.54,49.59,57.76,72.94,88.58,42.01,48.89,47.67,65.32,57.76
2023,DE,Dortmund,449.54,451.48,436.41,593.38,677.63,687.12,538.01,479.68,598.63,547.65
2023,DE,Dresden,66.39,65.2,79.93,118.7,109.08,80.58,77.41,69.67,97.07,85.33
2023,DE,Erfurt,99.11,80.6,100.49,154.1,195.71,119.84,90.41,90.04,142.54,120.04
2023,DE,Magdeburg,205.52,203.71,217.26,298.89,330.7,210.11,171.37,193.53,264.24,233.94
2023,DE,Munich G,202.88,180.48,237.97,392.03,426.35,383.92,286.56,223.31,360.07,301.46
2023,DE,Nuremberg,76.04,73.52,84.55,159.19,148.37,106.76,77.47,75.68,124.72,103.7
2023,DE,Saarbrücken (2),227.85,231.07,227.84,263.29,289.36,230.6,244.36,234.43,252.77,244.91
2023,EE,Tallinn,251.68,245.61,134.18,574.01,302.22,278.97,193.04,230.11,322.35,282.82
2023,EE,Tartu,119.72,111.72,152.78,353.98,267.33,137.29,105.41,112.28,227.85,178.32
2023,ES,Barcelona,557.66,749.62,518.76,571.81,622.14,527.61,788.69,698.66,560.08,619.47
2023,ES,Castellon,541.35,479.78,565.77,691.63,346.32,257.78,234.05,418.4,465.38,445.24
2023,ES,Granada,764.82,882.38,1050.17,1385.26,1277.23,971.13,888.11,845.1,1170.95,1031.3
2023,ES,Lleida,689.48,837.47,1003.99,889.63,966.05,864.39,904.88,810.61,931.01,879.41
2023,ES,Santiago,585.37,652.91,620.71,652.1,878.12,509.23,493.59,577.29,665.04,627.43
2023,ES,Tarragona,1228.33,1319.16,359.09,1452.82,1802.68,1711.9,2373.36,1640.28,1331.63,1463.91
2023,ES,Valencia (3),550.1,536.92,520.94,783.14,,,583.71,555.2,695.74,615.43
2023,FI,Espoo,78.23,124.65,123.01,195.53,204.67,131.39,87.23,96.7,163.65,134.96
2023,FI,Helsinki,178.04,209.59,226.49,357.56,365.09,237.78,180.52,189.38,296.73,250.72
2023,FI,Tampere,27.21,32.99,43.78,112.2,46.58,41.01,28.24,29.48,60.89,47.43
2023,FI,Turku,46.18,44.33,53.91,72.05,92.27,58.67,48.82,46.44,69.23,59.46
2023,FR,Paris Seine Centre,483.75,492.94,510.01,818.43,1194.67,390.12,425.47,467.38,728.31,616.48
2023,GB,Bristol,,,395.13,524.87,318.39,483.51,479.31,479.31,440.32,445.89
2023,GR,Athens,149.21,135.2,128.15,126.44,139.79,127.8,127.13,137.18,130.54,133.39
2023,H,Debrecen,24.95,23.53,32.99,27.07,21.51,21.72,20.49,22.99,25.82,24.61
2023,HR,Zagreb,451.22,447.98,469.48,509.72,667.6,998.31,431.36,443.52,661.28,567.95
2023,IS,Reykjavik Klettagarðar,556.6,584.81,686.51,811.46,735.53,585.03,509.2,550.2,704.63,638.45
2023,IT,Bozen,393.9,406.37,417.06,554.07,525.36,448.94,384.83,395.03,486.36,447.22
2023,IT,Milan,382.39,337.4,408.11,404.53,397.56,327.52,326.77,348.85,384.43,369.18
2023,KR,Seoul,0,0,0,0,0,0,0,0,0,0
2023,LT,Kaunas,144.22,147.8,149.6,273.39,301.4,231.24,148.12,146.71,238.91,199.4
2023,LT,Klaipeda,78.07,74.81,71.75,78.3,114.47,127.93,99.72,84.2,98.11,92.15
2023,LT,Vilnius,101.19,104.31,119.18,94.93,198.82,141.24,108.54,104.68,138.54,124.03
2023,LU,Boevange,103.77,101.77,123.85,140.51,,,129.64,111.73,132.18,119.91
2023,LU,Mamer,306.68,330.56,226.85,249.21,200.17,219.59,269.02,302.08,223.96,257.44
2023,LU,Mersch,269.2,251.45,163.17,346.02,330.13,331.2,299.62,273.42,292.63,284.4
2023,LV,Riga,177.68,155.79,213.26,287.43,384.03,201.35,202.53,178.67,271.52,231.72
2023,NL,Amsterdam,895.37,976.88,1083.85,1483.22,1562.03,1512.95,955.46,942.57,1410.51,1209.96
2023,NL,Eindhoven,810.48,687.72,660.5,824.09,1011.24,631.27,737.45,745.22,781.78,766.11
2023,NL,Leeuwarden,937.9,1166.8,1376.03,1309.37,1601.92,1086.28,862.25,988.98,1343.4,1191.51
2023,NL,Rotterdam (2),1105.91,1051.31,1093.07,1113.06,1409.49,955.54,890.67,1015.96,1142.79,1088.44
2023,NL,Utrecht,729.01,728.88,660.57,801.83,966.93,649.83,604.82,687.57,769.79,734.55
2023,NZ,Auckland,31.79,,53.26,67.04,84.41,51.64,,31.79,64.09,57.63
2023,NZ,Christchurch,7.64,6.93,11.61,24.22,29.98,11.73,11.81,8.79,19.38,14.84
2023,NZ,Queenstown,45.71,48.78,42.28,40.37,29.53,26.52,43.61,46.03,34.68,39.54
2023,NZ,Wellington (M1+M2),6.42,9.23,12.4,23.17,21.17,09.04,6.73,7.46,16.44,12.6
2023,PL,Krakow P,71.35,64.25,85.52,117.91,64.64,29.51,59.27,64.96,74.4,70.35
2023,PT,Porto,512.47,810.99,250.5,225.17,728.37,634.43,425.79,583.08,459.62,512.53
2023,RO,Bucharest,151.82,158.99,160.9,178.11,173.33,221.51,184.04,164.95,183.46,175.53
2023,SE,Gävle,68.05,77.12,78.86,187.54,138.51,133.48,93.97,79.72,134.6,111.08
2023,SE,Uppsala,51.05,56.69,68.37,63.3,114.5,69.4,56.52,54.75,78.89,68.55
2023,SE,Växjö,104.97,85.91,121.94,192.99,241.84,137.58,98.76,96.55,173.59,140.57
2023,SI,Domžale-Kamnik,309.34,368.27,382.89,412.65,373.07,247.8,355.15,344.25,354.1,349.88
2023,SI,Koper,636.07,399.9,535.75,496.82,452.46,360.21,595.19,543.72,461.31,496.63
2023,SI,Kranj,296.33,277.41,317.28,409.31,271.54,387.98,277.92,283.89,346.53,319.68
2023,SI,Ljubljana,518.68,563.32,562.54,644.19,570.77,475.05,548.57,543.52,563.14,554.73
2023,SI,Maribor,322.37,356.42,354.27,502.11,557.08,368.63,303.32,327.37,445.52,394.89
2023,SI,Novo mesto,255.46,278.82,297.87,378.53,391.12,288.01,231.65,255.31,338.88,303.06
2023,SI,Velenje,425.94,305.83,283.63,614.24,364.12,310.03,328.99,353.59,393.01,376.11
2023,SK,Bratislava C,115.87,130.76,216.35,235.22,284.96,223.18,156.67,134.43,239.93,194.71
2023,SK,Piestany,27.17,26.67,57.08,45.8,46.42,23.91,23.33,25.73,43.3,35.77
2023,TR,Ankara,11.65,12.01,8.6,10.06,11.04,8.78,12.1,11.92,9.62,10.61
2023,US,Seattle,586.4,480.69,666.34,821.45,511.38,602.71,860.26,642.45,650.47,647.03
2024,AT,Graz,262.48,436.75,393.81,506.33,385.34,154.01,191.25,296.83,359.87,332.85
2024,AT,Hall-Wattens,351.33,338.08,365.19,569.27,389,374.64,199.22,296.21,424.53,369.53
2024,AT,Innsbruck,404.95,534.62,484.66,685.12,618.32,471.72,459.93,466.5,564.96,522.76
2024,AT,Kapfenberg,152.07,160.89,169.75,195.53,205.85,128.01,153.8,155.59,174.78,166.56
2024,AT,Klagenfurt,283.45,260.79,368.22,391.6,335.03,273.05,267.09,270.44,341.97,311.32
2024,AT,Knittelfeld,129.4,174.09,187.57,208.13,150.22,168.79,128.34,143.94,178.68,163.79
2024,AT,Kufstein,496.86,598.06,680.88,710.76,803.2,468.69,732.17,609.03,665.88,641.52
2024,AT,Purgstall,45.24,43.06,43.25,62.04,103.66,113.94,53.59,47.3,80.72,66.4
2024,AT,Region Millstättersee,101.72,120.05,145.09,193.01,246.35,167.65,230.14,150.64,188.02,172
2024,AT,Ried im Innkreis,51.78,80.24,113.32,198.13,73.87,77.55,76.83,69.62,115.72,95.96
2024,AT,Salzburg,245.27,270.55,288.61,327.49,344.37,250.98,232.02,249.28,302.86,279.9
2024,AT,Steyr,82.81,102.35,107.38,342.8,226.5,122.56,63.85,83,199.81,149.75
2024,AT,Strass im Zillertal,189.83,225.85,208.53,241.62,295.52,237.98,213.29,209.66,245.91,230.38
2024,AT,Wasserverband Hofsteig,287.74,257.25,273.61,541.88,445.79,308.58,279.13,274.71,392.47,342
2024,AT,Wien,547.23,393.48,436.94,676.2,452.11,228.03,373.64,438.12,448.32,443.95
2024,AT,Wiener Neustadt,236.42,294.88,283.93,255.89,337.45,297.47,234.62,255.31,293.68,277.24
2024,AT,Wildon,101.28,98.14,131.54,177.24,246.07,239.6,165.17,121.53,198.61,165.58
2024,AU,Australia (59 sites),198.99,208.7,156.31,210.65,398.11,455.68,248.87,218.85,305.19,268.19
2024,BE,Antwerp Zuid,1744.35,2176.28,2478.85,2739.28,1648.74,1778.56,1412.75,1777.8,2161.36,1996.98
2024,BE,Brussels,837.34,1073.23,1067.19,1650.68,1423.61,1310.94,941.4,950.66,1363.1,1186.34
2024,BR,Belo Horizonte (2),1340.74,1461.1,4751.5,1843.81,2378.54,1807.21,1305.91,1375.18,2695.26,2189.65
2024,BR,Brasilia (I-VII),786.13,772.9,789.55,1033.42,1041.7,859.61,831.6,796.87,931.07,873.56
2024,BR,Curitiba (2),1315.76,920.07,822.03,746.61,1140.48,924.73,1214.43,1150.09,908.46,1012.02
2024,BR,Fortaleza,916.49,948.64,857.82,1039.69,1151.82,742.77,546.53,803.89,948.03,886.25
2024,BR,Goiânia,267.51,355.79,597.5,550.32,597.15,364.05,665.39,429.57,527.25,485.39
2024,BR,Natal,1973.42,1545.51,2130.84,1936.95,1633.71,2595.83,2220.82,1913.25,2074.33,2005.3
2024,BR,Niterói (2),522.33,502.66,567.92,662,517.96,520.61,446.72,495.1,567.13,537.98
2024,BR,Porto Alegre (2 - 2024),1170.42,990.45,528.45,1011.06,1462.41,1311.38,1022.99,1066.47,1078.33,1073.45
2024,BR,Recife,234.8,172.41,213.01,150.06,256.57,157.59,217.06,208.09,194.31,200.22
2024,BR,Serraria,1222.57,990.45,510.51,1060.32,1643.05,1477.16,1118.81,1110.61,1172.76,1146.12
2024,BR,São Luis,96,106.55,141.42,107.74,120.32,93.78,92.59,98.38,115.82,108.34
2024,BR,São Paulo (I-V),528.09,498.43,584.78,675.49,965.54,684.65,593.87,540.13,727.61,647.27
2024,CA,Kitchener,1148.6,1275.8,1318.68,1553.77,1760.93,1630.14,1743.16,1389.19,1565.88,1490.15
2024,CA,Montreal,22.3,22.27,11.85,15.33,15.66,12.42,6.43,17,13.82,15.18
2024,CH,Basel,481.33,587.09,715.32,615.34,724.16,331.48,531.67,533.36,596.57,569.48
2024,CH,Berne,754.33,597.49,787.64,624.31,829.19,438.2,594.26,648.69,669.83,660.77
2024,CH,Geneva,928.81,815.75,1010.39,1064.89,1060.63,772.16,772.26,838.94,977.02,917.84
2024,CH,Zurich,1145.66,890.23,1193.53,1163.06,1372.65,1034.94,804.63,946.84,1191.05,1086.39
2024,CL,Concepción,1520.96,1437.93,2689.69,2104.54,2042.78,926.81,1240.14,1399.68,1940.95,1708.98
2024,CL,Lebu,3044.25,2960.77,4596.31,4538.97,2135.87,2010.15,2484.43,2829.82,3320.32,3110.11
2024,CL,Los Angeles,2659.02,3327.62,1518.1,3268.87,1659.02,,2636.87,2987.78,2148.66,2628.16
2024,CY,Agia Napa,34.71,32.48,41.59,72.12,102.45,22.56,19.24,28.81,59.68,46.45
2024,CY,Larnaca,48.04,32.54,35.06,17.36,73.08,29.57,35.88,38.82,38.77,38.79
2024,CY,Limassol,82.56,48.91,170.74,85.37,142.18,85.08,66.47,65.98,120.84,97.33
2024,CY,Nicosia (2),46.28,24.07,39.54,65.56,61.07,23.56,44.7,38.35,47.43,43.54
2024,CY,Paphos,15.34,22.95,80.56,47.36,79.35,14.77,27.93,22.07,55.51,41.18
2024,CZ,Brno,125.31,138,135.97,265.08,255.65,270.22,163.49,142.27,231.73,193.39
2024,CZ,České Budějovice,170.16,279.22,179.5,188.66,298.09,283.64,155.65,201.68,237.47,222.13
2024,CZ,Karlovy Vary,84.43,87.61,105.32,129.95,139.63,112.88,62.6,78.21,121.95,103.2
2024,CZ,Ostrava,87.97,86.72,103.08,181.02,185.18,108.93,81.68,85.46,144.55,119.23
2024,CZ,Plzeň,155.68,154.77,229.97,279.97,271.35,169.92,139.03,149.82,237.8,200.1
2024,CZ,Prague (2),385.12,452.78,454.74,825.39,580.96,428.38,384.68,407.53,572.37,501.72
2024,CZ,Ústí nad Labem,58.24,78.49,94.23,101.97,97.67,63.49,58.55,65.09,89.34,78.95
2024,DE,Chemnitz,43.23,51.46,78.6,67.7,77,51.16,33.25,42.64,68.61,57.48
2024,DE,Dortmund,408.05,541.82,480.56,574.62,525.97,406.17,428.16,459.34,496.83,480.76
2024,DE,Dresden,116.28,96.1,103.04,108.96,120.14,89.55,79.34,97.24,105.42,101.92
2024,DE,Erfurt,103.43,95.11,101.15,153.83,175.85,101.3,99.7,99.42,133.03,118.62
2024,DE,Hamburg N,428.98,327.26,712.69,724.77,790.45,570.68,509.45,421.9,699.65,580.61
2024,DE,Hannover (2),312.99,346.64,426.13,510.26,527,435.05,392.5,350.71,474.61,421.51
2024,DE,Magdeburg,174.74,186.1,211.9,298.6,338.14,196.22,179.12,179.99,261.21,226.4
2024,DE,Munich G,511.37,402.66,405.42,458.64,440.24,305.7,329.45,414.49,402.5,407.64
2024,DE,Nuremberg,71.81,80.2,68.99,113.91,125.25,113.84,67.37,73.12,105.5,91.62
2024,DE,Saarbrücken (2),219.95,267.09,280.96,318.27,396.49,280.96,251.46,246.17,319.17,287.88
2024,DE,Stuttgart,361.61,406.06,492.66,469.96,628.47,356.09,342.84,370.17,486.8,436.81
2024,DK,Aalborg,311.04,347.78,537.16,728.38,773.42,424.04,294.99,317.94,615.75,488.12
2024,DK,Aarhus,180.56,184.72,198.63,514.71,423.5,312.25,196.11,187.13,362.27,287.21
2024,DK,Copenhagen,422.85,472.96,492,844.85,624.58,524.79,457.08,450.96,621.56,548.44
2024,DK,Esbjerg,311.65,324.23,301.15,403.81,524.82,452.16,360.6,332.16,420.49,382.63
2024,DK,Næstved,256.25,243.35,333.84,352.53,348.28,301.59,246.97,248.86,334.06,297.54
2024,DK,Odense,256.75,288.85,462.84,647.18,664.26,273.54,253.02,266.2,511.96,406.63
2024,ES,Barcelona,348.59,337.65,352.74,364.36,390,292.3,360.47,348.9,349.85,349.44
2024,ES,Castellon,580.84,709.6,807.64,945.21,991.51,754.12,475.57,588.67,874.62,752.07
2024,ES,Lleida,1065.15,472.8,465.71,642.69,660.18,598.57,461.91,666.62,591.79,623.86
2024,ES,Santiago,533.53,630.34,586.27,783.42,697.49,515.62,521.88,561.92,645.7,609.79
2024,ES,Tarragona,1327.35,1655.58,1649.44,1580.37,1598.21,1386.56,1182.88,1388.6,1553.64,1482.91
2024,FI,Espoo,108.97,129.32,146.26,219.57,198.17,183.21,124.86,121.05,186.8,158.62
2024,FI,Helsinki,171.52,176.98,190.98,280.57,280.02,279.79,191.86,180.12,257.84,224.53
2024,FI,Huittinen,1.23,2.55,,3.59,3.58,5.81,3.16,2.37,4.32,3.21
2024,FI,Hämeenlinna,37.8,36.65,32.74,58.32,69.08,56.85,38.77,37.74,54.25,47.17
2024,FI,Joensuu,10.98,11.84,19.6,34.59,45.2,27.17,14.76,12.53,31.64,23.45
2024,FI,Jyväskylä,20.51,22.28,29.15,50.15,40.04,21.14,15.59,19.46,35.12,28.41
2024,FI,Kajaani,8.13,13.59,15.12,28.45,23.24,18.29,16.05,12.59,21.27,17.55
2024,FI,Kemi,2.98,2.43,4.29,08.07,8.92,7.97,22.39,9.27,7.31,8.15
2024,FI,Kokkola,3.57,3.6,3.38,2.87,2.64,2.98,2.35,3.17,2.97,03.05
2024,FI,Kotka,30.76,27.3,31.86,54.44,47.28,40.42,31.93,30,43.5,37.71
2024,FI,Kouvola,44.93,29.13,25.38,36.53,42.73,23.71,24.3,32.78,32.09,32.39
2024,FI,Kuopio,19.5,13.95,22.83,41.74,48.68,27.22,18.05,17.16,35.12,27.42
2024,FI,Lahti,80.15,96.9,110.77,148.08,163.84,98.54,79.69,85.58,130.3,111.14
2024,FI,Lappeenranta,6.67,6.76,9.88,12.28,12.08,9.36,5.95,6.46,10.9,9
2024,FI,Mariehamn,9.53,7.69,15.88,17.9,51.04,13.34,6.47,7.9,24.54,17.41
2024,FI,Mikkeli,15.09,24.45,29.04,28.13,26.52,18.91,10.56,16.7,25.65,21.82
2024,FI,Oulu,21.22,25.14,27.47,41.77,39.51,29.44,21.7,22.69,34.55,29.47
2024,FI,Pietarsaari,0.8,0.84,9.71,2.29,1.77,0.37,0.63,0.76,3.53,2.34
2024,FI,Pori,18.85,22.49,17.2,25.11,24.91,21.8,17.4,19.58,22.25,21.11
2024,FI,Porvoo,53.73,30.55,48.27,143.57,115.06,67.1,47.74,44,93.5,72.29
2024,FI,Rauma,23.51,15.33,12.41,37.17,32.01,34.42,17.99,18.94,29.01,24.69
2024,FI,Rovaniemi,12.1,20.07,26.68,14.71,11.97,13.71,10.04,14.07,16.77,15.61
2024,FI,Savonlinna,9.24,9.52,13.08,6.54,9.9,09.08,3.26,7.34,9.65,8.66
2024,FI,Seinäjoki,10.42,11.7,14.7,9.55,19.48,10.48,4.52,8.88,13.55,11.55
2024,FI,Tampere,41.76,67.78,67.19,104.72,122.56,61.75,50.67,53.41,89.05,73.78
2024,FI,Turku,63.24,72.2,78.31,134.95,155.18,78.17,56.44,63.96,111.65,91.21
2024,FI,Vaasa,10.36,13.56,11.87,33.39,43.38,27.8,20.94,14.95,29.11,23.04
2024,FI,Vihti,47.38,94.93,72.24,146.45,101.16,50.55,59.64,67.32,92.6,81.76
2024,GB,Bristol,578.81,634.56,668.69,1317.85,933.55,539.87,791.36,668.24,864.99,780.67
2024,GR,Athens,155.11,162.7,176.56,191.22,222.8,195.57,164.51,160.77,196.54,181.21
2024,HR,Split,254.62,291.25,178.87,271.33,242.45,205.08,187.3,244.39,224.43,232.99
2024,HR,Zagreb,701.45,562.9,629.84,,869.36,610.63,532.24,598.86,703.28,677.38
2024,HU,Budapest,194.37,289.93,281.45,502.95,442.54,276.44,,226.22,375.85,311.72
2024,IE,Dublin,637.81,706.43,802.23,869.41,1117.36,1262.67,732.86,692.37,1012.92,875.54
2024,IS,Reykjavik Klettagarðar,258.44,247.43,461.06,523.85,485.41,326.42,270.02,258.63,449.19,367.52
2024,IT,Bologna,420.55,439.54,541.88,662.32,688.95,483.54,484.06,448.05,594.17,531.55
2024,IT,Bozen,342.07,371.53,437.45,518.36,460.48,374.88,400.8,371.47,447.79,415.08
2024,IT,Milan,373.37,396.61,453.64,,,,369.47,381.89,453.64,402.39
2024,IT,Rome,459.04,460.09,507.07,481.28,532.55,500.23,409.99,443.04,505.28,478.61
2024,LT,Kaunas,212.63,232.17,279.55,402.47,217.66,270.02,165.64,203.48,292.43,254.31
2024,LT,Klaipeda,122.38,117.47,123.84,161.89,242.8,235.68,144.99,128.28,191.05,164.15
2024,LT,Vilnius,141.15,151.68,143.09,120.87,128.9,261.29,236.53,176.45,163.54,169.07
2024,LU,Luxembourg,475.26,395.21,456.44,510.43,586.82,472.86,598.33,489.6,506.63,499.33
2024,LV,Riga,153.17,211.81,209.25,211.81,319.93,195.18,117.53,160.84,234.04,202.67
2024,NL,Amsterdam,1279.78,1153.27,1150.3,1177.34,1361.33,1183.42,1138.49,1190.51,1218.1,1206.28
2024,NL,Eindhoven,629.54,683.21,741.79,869.36,1046.87,986.51,711.92,674.89,911.13,809.89
2024,NL,Groningen,966.04,789.28,821.37,1033.52,1157.57,930.65,830.37,861.9,985.78,932.69
2024,NL,Rotterdam (2),760.99,956.37,845.73,1170.06,1191.46,1196.45,689.39,802.25,1100.93,972.92
2024,NL,Utrecht,572.59,509.88,646.16,792.97,899,722.94,676.27,586.25,765.27,688.55
2024,NL,Zwolle,396.29,396.21,458.65,606.95,591.66,508.25,490.75,427.75,541.38,492.68
2024,NO,Bergen (2),437.37,393.87,489.97,703.94,730.85,,415.88,421.12,641.59,515.61
2024,NO,Oslo (2),519.76,524.27,754.21,847.9,860.89,681.3,516.82,520.28,786.08,672.16
2024,NO,Trondheim (2),159.05,202.26,260.32,403.95,415.99,231.13,177.86,179.72,327.85,264.37
2024,NZ,Auckland,82.78,106.03,112.04,176.41,208.03,127.84,90.63,93.15,156.08,129.11
2024,NZ,Christchurch,36.64,30.03,147.05,81.09,117.33,58.74,37.58,34.75,101.05,72.64
2024,NZ,Queenstown,75.32,77.18,117.71,184.56,229.21,155.97,102.84,85.11,171.86,134.68
2024,NZ,Wellington (M1+M2),55.41,30.15,21.48,61.05,48.54,48.46,20.72,35.43,44.88,40.83
2024,PL,Krakow P,81.82,90.5,110.33,83.95,121.72,87.43,72.17,81.5,100.86,92.56
2024,PT,Almada,313.61,231.61,375.21,379.4,407.41,423.6,379.4,308.21,396.41,358.61
2024,PT,Lisbon,588.62,680.39,693.26,638.62,604.99,527.04,642.62,637.21,615.98,625.08
2024,PT,Porto,254.28,331.23,421.6,443.36,549.45,546.13,362.99,316.17,490.14,415.58
2024,RO,Bucharest,207.96,165.86,158.37,203.78,272.92,227.48,164.39,179.4,215.64,200.11
2024,SE,Gävle,61.79,54.05,64.37,99.51,120.38,76.09,63.33,59.73,90.09,77.08
2024,SE,Karlstad,84.51,87.86,94.34,149.86,150.76,89.62,103.4,91.93,121.15,108.62
2024,SE,Stockholm (2),327.13,318.44,355.39,461.75,502.44,378.74,275.75,307.1,424.58,374.23
2024,SE,Trollhättan,35.58,38.61,61.28,173.82,211.39,96.89,31.73,35.31,135.85,92.76
2024,SE,Växjö,60.85,70.41,80.41,100.74,125.84,65.86,73.01,68.09,93.21,82.45
2024,SI,Domžale-Kamnik,249.47,462.63,338.95,401.62,423.36,348.09,300.06,337.39,378.01,360.6
2024,SI,Koper,718.4,669.26,557.55,630.21,813.43,505.15,689.88,692.52,626.59,654.84
2024,SI,Kranj,256.88,552.6,437.06,593.53,565.3,367.01,320.53,376.67,490.73,441.84
2024,SI,Ljubljana,625.29,612.57,634.86,980.5,710.36,583.65,701.81,646.55,727.34,692.72
2024,SI,Maribor,299.59,327.6,305.9,741.25,817.61,366,277.4,301.53,557.69,447.91
2024,SI,Novo mesto,298.04,224.78,361.56,349.69,368.45,378.46,251.24,258.02,364.54,318.89
2024,SI,Velenje,215.67,197.06,223.97,342.45,352.55,233.23,245.94,219.56,288.05,258.7
2024,SK,Bratislava C,267.39,262.35,284.27,387.2,456.75,320.09,239.5,256.41,362.08,316.79
2024,SK,Piestany,39.8,46.92,47.66,51.12,98.73,77.77,59.88,48.86,68.82,60.27
2024,TR,Ankara,12.44,14.81,13.56,14.32,14.94,12.45,18.14,15.13,13.82,14.38
2024,TR,Istanbul (II-VII),41.16,37.9,33.49,41.04,54.93,51.58,34.21,37.76,45.26,42.05
2024,US,Seattle,738.83,720.29,752.59,906.01,948.48,808.97,652.47,703.86,854.01,789.66